survey_id,observer,quadrat,depth_m,common_name,species_name,abundance,,,,,,,,,,,,,,,,,
1,AEA,2,4.4,Northern kelp crab,Pugettia producta,1,,,,,,,,,,,,,,,,,
1,AEA,2,4.4,Graceful kelp crab,Pugettia gracilis,1,,,,,,,,,,,,,,,,,
1,AEA,5,4.1,Dusky turban snail,Tegula pulligo,4,,,,,,,,,,,,,,,,,
1,CMA,2,4.4,Orange sea cucumber,Cucumaria miniata,1,,,,,,,,,,,,,,,,,
1,CMA,3,4.4,Graceful kelp crab,Pugettia gracilis,1,,,,,,,,,,,,,,,,,
2,AEA,2,2.1,Northern kelp crab,Pugettia producta,1,,,,,,,,,,,,,,,,,
2,AEA,2,2.1,Graceful kelp crab,Pugettia gracilis,1,,,,,,,,,,,,,,,,,
2,AEA,3,1.9,Graceful kelp crab,Pugettia gracilis,2,,,,,,,,,,,,,,,,,
2,CMA,1,2,Northern kelp crab,Pugettia producta,2,,,,,,,,,,,,,,,,,
2,CMA,2,1.9,Northern kelp crab,Pugettia producta,1,,,,,,,,,,,,,,,,,
2,CMA,4,1.7,Northern kelp crab,Pugettia producta,1,,,,,,,,,,,,,,,,,
2,CMA,4,1.7,Orange sea cucumber,Cucumaria miniata,2,,,,,,,,,,,,,,,,,
3,AEA,1,8.6,Dusky turban snail,Tegula pulligo,1,,,,,,,,,,,,,,,,,
3,AEA,1,8.6,Red turban snail,Pomaulax gibberosus,1,,,,,,,,,,,,,,,,,
3,AEA,2,8.2,Red turban snail,Pomaulax gibberosus,2,,,,,,,,,,,,,,,,,
3,AEA,3,7.5,Purple sea urchin,Strongylocentrotus purpuratus,3,,,,,,,,,,,,,,,,,
3,AEA,3,7.5,Dusky turban snail,Tegula pulligo,4,,,,,,,,,,,,,,,,,
3,AEA,3,7.5,California sea cucumber,Apostichopus californicus,2,,,,,,,,,,,,,,,,,
3,AEA,4,7,Red turban snail,Pomaulax gibberosus,6,,,,,,,,,,,,,,,,,
3,AEA,5,6.4,Dusky turban snail,Tegula pulligo,4,,,,,,,,,,,,,,,,,
3,AEA,5,6.4,Red turban snail,Pomaulax gibberosus,4,,,,,,,,,,,,,,,,,
3,AEA,5,6.4,Purple sea urchin,Strongylocentrotus purpuratus,2,,,,,,,,,,,,,,,,,
3,AEA,5,6.4,Graceful kelp crab,Pugettia gracilis,1,,,,,,,,,,,,,,,,,
3,CMA,1,7.6,Dusky turban snail,Tegula pulligo,5,,,,,,,,,,,,,,,,,
3,CMA,1,7.6,Sunflower sea star,Pycnopodia helianthoides,1,,,,,,,,,,,,,,,,,
3,CMA,1,7.6,Red turban snail,Pomaulax gibberosus,3,,,,,,,,,,,,,,,,,
3,CMA,1,7.6,Giant rock scallop,Crassadoma gigantea,1,,,,,,,,,,,,,,,,,
3,CMA,2,7.6,Dusky turban snail,Tegula pulligo,7,,,,,,,,,,,,,,,,,
3,CMA,3,7.2,Dusky turban snail,Tegula pulligo,3,,,,,,,,,,,,,,,,,
3,CMA,3,7.2,Red turban snail,Pomaulax gibberosus,2,,,,,,,,,,,,,,,,,
3,CMA,4,6.8,Dusky turban snail,Tegula pulligo,10,,,,,,,,,,,,,,,,,
3,CMA,4,6.8,Red turban snail,Pomaulax gibberosus,1,,,,,,,,,,,,,,,,,
3,CMA,5,7,Dusky turban snail,Tegula pulligo,8,,,,,,,,,,,,,,,,,
3,CMA,5,7,Red turban snail,Pomaulax gibberosus,1,,,,,,,,,,,,,,,,,
4,AEA,1,4.1,Dusky turban snail,Tegula pulligo,6,,,,,,,,,,,,,,,,,
4,AEA,2,3.7,Dusky turban snail,Tegula pulligo,23,,,,,,,,,,,,,,,,,
4,AEA,2,3.7,Northern kelp crab,Pugettia producta,1,,,,,,,,,,,,,,,,,
4,AEA,4,3.7,Dusky turban snail,Tegula pulligo,18,,,,,,,,,,,,,,,,,
4,AEA,4,3.7,Northern kelp crab,Pugettia producta,1,,,,,,,,,,,,,,,,,
4,AEA,4,3.7,Graceful kelp crab,Pugettia gracilis,1,,,,,,,,,,,,,,,,,
4,AEA,5,3.4,Dusky turban snail,Tegula pulligo,10,,,,,,,,,,,,,,,,,
4,AEA,5,3.4,Northern kelp crab,Pugettia producta,1,,,,,,,,,,,,,,,,,
4,AEA,5,3.4,Red turban snail,Pomaulax gibberosus,1,,,,,,,,,,,,,,,,,
4,CMA,1,3.6,Dusky turban snail,Tegula pulligo,27,,,,,,,,,,,,,,,,,
4,CMA,1,3.6,Blood star,Henricia spp.,1,,,,,,,,,,,,,,,,,
4,CMA,2,3.5,Dusky turban snail,Tegula pulligo,11,,,,,,,,,,,,,,,,,
4,CMA,2,3.5,Graceful kelp crab,Pugettia gracilis,1,,,,,,,,,,,,,,,,,
4,CMA,3,3.7,Dusky turban snail,Tegula pulligo,34,,,,,,,,,,,,,,,,,
4,CMA,3,3.7,Northern abalone,Haliotis kamtschatkana,1,,,,,,,,,,,,,,,,,
4,CMA,4,3.7,Dusky turban snail,Tegula pulligo,22,,,,,,,,,,,,,,,,,
4,CMA,5,3.5,Dusky turban snail,Tegula pulligo,8,,,,,,,,,,,,,,,,,
4,CMA,5,3.5,Blood star,Henricia spp.,1,,,,,,,,,,,,,,,,,
5,AEA,1,8.7,Purple sea urchin,Strongylocentrotus purpuratus,1,,,,,,,,,,,,,,,,,
5,AEA,3,8.8,Dusky turban snail,Tegula pulligo,2,,,,,,,,,,,,,,,,,
5,AEA,3,8.8,Purple sea urchin,Strongylocentrotus purpuratus,2,,,,,,,,,,,,,,,,,
5,AEA,4,6.6,Graceful kelp crab,Pugettia gracilis,2,,,,,,,,,,,,,,,,,
5,AEA,4,6.6,Red turban snail,Pomaulax gibberosus,1,,,,,,,,,,,,,,,,,
5,AEA,5,6.9,Purple sea urchin,Strongylocentrotus purpuratus,1,,,,,,,,,,,,,,,,,
5,AEA,5,6.9,Dusky turban snail,Tegula pulligo,4,,,,,,,,,,,,,,,,,
5,CMA,1,8,Red sea urchin,Mesocentrotus franciscanus,3,,,,,,,,,,,,,,,,,
5,CMA,1,8,Orange sea cucumber,Cucumaria miniata,1,,,,,,,,,,,,,,,,,
5,CMA,2,7.3,Northern abalone,Haliotis kamtschatkana,3,,,,,,,,,,,,,,,,,
5,CMA,2,7.3,Dusky turban snail,Tegula pulligo,9,,,,,,,,,,,,,,,,,
5,CMA,3,7.4,Dusky turban snail,Tegula pulligo,3,,,,,,,,,,,,,,,,,
5,CMA,3,7.4,Blood star,Henricia spp.,1,,,,,,,,,,,,,,,,,
5,CMA,3,7.4,Graceful kelp crab,Pugettia gracilis,1,,,,,,,,,,,,,,,,,
5,CMA,4,7.2,Dusky turban snail,Tegula pulligo,12,,,,,,,,,,,,,,,,,
5,CMA,4,7.2,Graceful kelp crab,Pugettia gracilis,2,,,,,,,,,,,,,,,,,
5,CMA,4,7.2,Leafy hornmouth,Ceratostoma foliatum,1,,,,,,,,,,,,,,,,,
5,CMA,5,7.4,Dusky turban snail,Tegula pulligo,9,,,,,,,,,,,,,,,,,
5,CMA,5,7.4,Blood star,Henricia spp.,1,,,,,,,,,,,,,,,,,
6,AEA,1,3,Northern abalone,Haliotis kamtschatkana,1,,,,,,,,,,,,,,,,,
6,AEA,2,2.9,Blood star,Henricia spp.,1,,,,,,,,,,,,,,,,,
6,AEA,2,2.9,Red turban snail,Pomaulax gibberosus,2,,,,,,,,,,,,,,,,,
6,AEA,3,2.5,Blood star,Henricia spp.,1,,,,,,,,,,,,,,,,,
6,AEA,3,2.5,Red turban snail,Pomaulax gibberosus,12,,,,,,,,,,,,,,,,,
6,AEA,3,2.5,Leafy hornmouth,Ceratostoma foliatum,1,,,,,,,,,,,,,,,,,
6,AEA,3,2.5,Dusky turban snail,Tegula pulligo,3,,,,,,,,,,,,,,,,,
6,AEA,4,3,Red turban snail,Pomaulax gibberosus,16,,,,,,,,,,,,,,,,,
6,AEA,4,3,Dusky turban snail,Tegula pulligo,6,,,,,,,,,,,,,,,,,
6,AEA,4,3,Graceful kelp crab,Pugettia gracilis,3,,,,,,,,,,,,,,,,,
6,AEA,5,3,Red turban snail,Pomaulax gibberosus,6,,,,,,,,,,,,,,,,,
6,AEA,5,3,Leafy hornmouth,Ceratostoma foliatum,2,,,,,,,,,,,,,,,,,
6,AEA,5,3,Dusky turban snail,Tegula pulligo,2,,,,,,,,,,,,,,,,,
6,CMA,1,3.8,Northern abalone,Haliotis kamtschatkana,2,,,,,,,,,,,,,,,,,
6,CMA,1,3.8,Red sea urchin,Mesocentrotus franciscanus,2,,,,,,,,,,,,,,,,,
6,CMA,1,3.8,Dusky turban snail,Tegula pulligo,15,,,,,,,,,,,,,,,,,
6,CMA,1,3.8,Graceful kelp crab,Pugettia gracilis,1,,,,,,,,,,,,,,,,,
6,CMA,2,3,Northern abalone,Haliotis kamtschatkana,2,,,,,,,,,,,,,,,,,
6,CMA,2,3,Dusky turban snail,Tegula pulligo,19,,,,,,,,,,,,,,,,,
6,CMA,2,3,Graceful kelp crab,Pugettia gracilis,3,,,,,,,,,,,,,,,,,
6,CMA,2,3,Northern kelp crab,Pugettia producta,1,,,,,,,,,,,,,,,,,
6,CMA,3,3.4,Red sea urchin,Mesocentrotus franciscanus,2,,,,,,,,,,,,,,,,,
6,CMA,3,3.4,Dusky turban snail,Tegula pulligo,27,,,,,,,,,,,,,,,,,
6,CMA,3,3.4,Blood star,Henricia spp.,1,,,,,,,,,,,,,,,,,
6,CMA,3,3.4,Giant rock scallop,Crassadoma gigantea,1,,,,,,,,,,,,,,,,,
6,CMA,3,3.4,Purple sea urchin,Strongylocentrotus purpuratus,1,,,,,,,,,,,,,,,,,
6,CMA,4,3.4,Northern abalone,Haliotis kamtschatkana,1,,,,,,,,,,,,,,,,,
6,CMA,4,3.4,Red sea urchin,Mesocentrotus franciscanus,1,,,,,,,,,,,,,,,,,
6,CMA,4,3.4,Dusky turban snail,Tegula pulligo,8,,,,,,,,,,,,,,,,,
6,CMA,4,3.4,Graceful kelp crab,Pugettia gracilis,1,,,,,,,,,,,,,,,,,
6,CMA,4,3.4,Purple sea urchin,Strongylocentrotus purpuratus,2,,,,,,,,,,,,,,,,,
6,CMA,4,3.4,Red turban snail,Pomaulax gibberosus,2,,,,,,,,,,,,,,,,,
6,CMA,4,3.4,Leafy hornmouth,Ceratostoma foliatum,1,,,,,,,,,,,,,,,,,
6,CMA,5,3.7,Dusky turban snail,Tegula pulligo,18,,,,,,,,,,,,,,,,,
6,CMA,5,3.7,Red turban snail,Pomaulax gibberosus,1,,,,,,,,,,,,,,,,,
7,AEA,1,8.2,Graceful kelp crab,Pugettia gracilis,1,,,,,,,,,,,,,,,,,
7,AEA,1,8.2,Dusky turban snail,Tegula pulligo,5,,,,,,,,,,,,,,,,,
7,AEA,1,8.2,Red turban snail,Pomaulax gibberosus,2,,,,,,,,,,,,,,,,,
7,AEA,1,8.2,Dusky turban snail,Tegula pulligo,5,,,,,,,,,,,,,,,,,
7,AEA,2,8.4,Graceful kelp crab,Pugettia gracilis,1,,,,,,,,,,,,,,,,,
7,AEA,2,8.4,Dusky turban snail,Tegula pulligo,54,,,,,,,,,,,,,,,,,
7,AEA,3,8.4,Graceful kelp crab,Pugettia gracilis,4,,,,,,,,,,,,,,,,,
7,AEA,3,8.4,Dusky turban snail,Tegula pulligo,11,,,,,,,,,,,,,,,,,
7,AEA,4,8.5,Graceful kelp crab,Pugettia gracilis,2,,,,,,,,,,,,,,,,,
7,AEA,4,8.5,Dusky turban snail,Tegula pulligo,7,,,,,,,,,,,,,,,,,
7,AEA,5,8.5,Graceful kelp crab,Pugettia gracilis,2,,,,,,,,,,,,,,,,,
7,AEA,5,8.5,Red turban snail,Pomaulax gibberosus,3,,,,,,,,,,,,,,,,,
7,AEA,5,8.5,Dusky turban snail,Tegula pulligo,3,,,,,,,,,,,,,,,,,
7,CMA,1,7.9,Graceful kelp crab,Pugettia gracilis,1,,,,,,,,,,,,,,,,,
7,CMA,1,7.9,Green sea urchin,Strongylocentrotus droebachiensis,1,,,,,,,,,,,,,,,,,
7,CMA,1,7.9,Dusky turban snail,Tegula pulligo,7,,,,,,,,,,,,,,,,,
7,CMA,1,7.9,Northern kelp crab,Pugettia producta,1,,,,,,,,,,,,,,,,,
7,CMA,2,8,Dusky turban snail,Tegula pulligo,18,,,,,,,,,,,,,,,,,
7,CMA,3,8.2,Graceful kelp crab,Pugettia gracilis,1,,,,,,,,,,,,,,,,,
7,CMA,3,8.2,Dusky turban snail,Tegula pulligo,35,,,,,,,,,,,,,,,,,
7,CMA,3,8.2,Blood star,Henricia spp.,1,,,,,,,,,,,,,,,,,
7,CMA,4,8.2,Dusky turban snail,Tegula pulligo,46,,,,,,,,,,,,,,,,,
7,CMA,5,8.3,Dusky turban snail,Tegula pulligo,18,,,,,,,,,,,,,,,,,
8,AEA,1,4.9,Dusky turban snail,Tegula pulligo,13,,,,,,,,,,,,,,,,,
8,AEA,2,5,Dusky turban snail,Tegula pulligo,17,,,,,,,,,,,,,,,,,
8,AEA,2,5,Graceful kelp crab,Pugettia gracilis,2,,,,,,,,,,,,,,,,,
8,AEA,3,5.1,Dusky turban snail,Tegula pulligo,11,,,,,,,,,,,,,,,,,
8,AEA,3,5.1,Graceful kelp crab,Pugettia gracilis,3,,,,,,,,,,,,,,,,,
8,AEA,3,5.1,Blood star,Henricia spp.,1,,,,,,,,,,,,,,,,,
8,AEA,4,4.7,Dusky turban snail,Tegula pulligo,7,,,,,,,,,,,,,,,,,
8,AEA,4,4.7,Graceful kelp crab,Pugettia gracilis,1,,,,,,,,,,,,,,,,,
8,AEA,4,4.7,Green sea urchin,Strongylocentrotus droebachiensis,2,,,,,,,,,,,,,,,,,
8,AEA,4,4.7,Purple sea urchin,Strongylocentrotus purpuratus,4,,,,,,,,,,,,,,,,,
8,AEA,5,4.5,Dusky turban snail,Tegula pulligo,17,,,,,,,,,,,,,,,,,
8,AEA,5,4.5,Red turban snail,Pomaulax gibberosus,1,,,,,,,,,,,,,,,,,
8,CMA,1,4.8,Dusky turban snail,Tegula pulligo,32,,,,,,,,,,,,,,,,,
8,CMA,1,4.8,Sunflower sea star,Pycnopodia helianthoides,1,,,,,,,,,,,,,,,,,
8,CMA,2,4.8,Dusky turban snail,Tegula pulligo,32,,,,,,,,,,,,,,,,,
8,CMA,2,4.8,Blood star,Henricia spp.,1,,,,,,,,,,,,,,,,,
8,CMA,3,4.5,Dusky turban snail,Tegula pulligo,16,,,,,,,,,,,,,,,,,
8,CMA,3,4.5,Northern abalone,Haliotis kamtschatkana,1,,,,,,,,,,,,,,,,,
8,CMA,4,4.4,Dusky turban snail,Tegula pulligo,18,,,,,,,,,,,,,,,,,
8,CMA,5,4.2,Dusky turban snail,Tegula pulligo,10,,,,,,,,,,,,,,,,,
8,CMA,5,4.2,Blood star,Henricia spp.,1,,,,,,,,,,,,,,,,,
8,CMA,5,4.2,Graceful kelp crab,Pugettia gracilis,2,,,,,,,,,,,,,,,,,
9,AEA,2,7.2,Orange sea cucumber,Cucumaria miniata,3,,,,,,,,,,,,,,,,,
9,AEA,2,7.2,Graceful kelp crab,Pugettia gracilis,2,,,,,,,,,,,,,,,,,
9,AEA,3,7.3,Orange sea cucumber,Cucumaria miniata,2,,,,,,,,,,,,,,,,,
9,AEA,3,7.3,Graceful kelp crab,Pugettia gracilis,1,,,,,,,,,,,,,,,,,
9,AEA,3,7.3,Dusky turban snail,Tegula pulligo,1,,,,,,,,,,,,,,,,,
9,AEA,4,7.5,Dusky turban snail,Tegula pulligo,1,,,,,,,,,,,,,,,,,
9,AEA,5,7.8,Dusky turban snail,Tegula pulligo,2,,,,,,,,,,,,,,,,,
9,CMA,1,6.8,Dusky turban snail,Tegula pulligo,3,,,,,,,,,,,,,,,,,
9,CMA,2,7,Dusky turban snail,Tegula pulligo,2,,,,,,,,,,,,,,,,,
9,CMA,3,7.4,Dusky turban snail,Tegula pulligo,1,,,,,,,,,,,,,,,,,
9,CMA,3,7.4,Red sea urchin,Mesocentrotus franciscanus,3,,,,,,,,,,,,,,,,,
9,CMA,4,7.5,Northern kelp crab,Pugettia producta,1,,,,,,,,,,,,,,,,,
9,CMA,5,7.6,Dusky turban snail,Tegula pulligo,6,,,,,,,,,,,,,,,,,
9,CMA,5,7.6,Graceful kelp crab,Pugettia gracilis,2,,,,,,,,,,,,,,,,,
10,AEA,2,4.8,Northern kelp crab,Pugettia producta,1,,,,,,,,,,,,,,,,,
10,AEA,2,4.8,Northern abalone,Haliotis kamtschatkana,2,,,,,,,,,,,,,,,,,
10,AEA,3,5,Orange sea cucumber,Cucumaria miniata,3,,,,,,,,,,,,,,,,,
10,AEA,3,5,Dusky turban snail,Tegula pulligo,2,,,,,,,,,,,,,,,,,
10,AEA,4,5,Northern abalone,Haliotis kamtschatkana,1,,,,,,,,,,,,,,,,,
10,AEA,4,5,Orange sea cucumber,Cucumaria miniata,3,,,,,,,,,,,,,,,,,
10,CMA,1,4.5,Northern kelp crab,Pugettia producta,1,,,,,,,,,,,,,,,,,
10,CMA,2,4.6,Dusky turban snail,Tegula pulligo,4,,,,,,,,,,,,,,,,,
10,CMA,2,4.6,Northern abalone,Haliotis kamtschatkana,1,,,,,,,,,,,,,,,,,
10,CMA,3,4.8,Dusky turban snail,Tegula pulligo,1,,,,,,,,,,,,,,,,,
11,AEA,1,7.4,Giant sea cucumber,Apostichopus californicus,1,,,,,,,,,,,,,,,,,
11,AEA,1,7.4,Northern kelp crab,Pugettia producta,1,,,,,,,,,,,,,,,,,
11,AEA,2,7,California sea cucumber,Apostichopus californicus,3,,,,,,,,,,,,,,,,,
11,AEA,3,7.1,California sea cucumber,Apostichopus californicus,1,,,,,,,,,,,,,,,,,
11,AEA,4,7.1,California sea cucumber,Apostichopus californicus,2,,,,,,,,,,,,,,,,,
11,AEA,5,7.1,California sea cucumber,Apostichopus californicus,2,,,,,,,,,,,,,,,,,
11,CMA,1,6.1,California sea cucumber,Apostichopus californicus,1,,,,,,,,,,,,,,,,,
11,CMA,1,6.1,Orange sea cucumber,Cucumaria miniata,2,,,,,,,,,,,,,,,,,
11,CMA,2,5.8,California sea cucumber,Apostichopus californicus,2,,,,,,,,,,,,,,,,,
11,CMA,3,6.2,California sea cucumber,Apostichopus californicus,4,,,,,,,,,,,,,,,,,
11,CMA,3,6.2,Orange sea cucumber,Cucumaria miniata,2,,,,,,,,,,,,,,,,,
11,CMA,4,6.4,California sea cucumber,Apostichopus californicus,4,,,,,,,,,,,,,,,,,
11,CMA,4,6.4,Giant rock scallop,Crassadoma gigantea,1,,,,,,,,,,,,,,,,,
11,CMA,5,6.1,California sea cucumber,Apostichopus californicus,4,,,,,,,,,,,,,,,,,
12,AEA,1,3.5,Giant rock scallop,Crassadoma gigantea,2,,,,,,,,,,,,,,,,,
12,AEA,1,3.5,Orange sea cucumber,Cucumaria miniata,1,,,,,,,,,,,,,,,,,
12,AEA,2,3.7,Orange sea cucumber,Cucumaria miniata,6,,,,,,,,,,,,,,,,,
12,AEA,3,3.7,Orange sea cucumber,Cucumaria miniata,3,,,,,,,,,,,,,,,,,
12,AEA,4,3.7,Orange sea cucumber,Cucumaria miniata,3,,,,,,,,,,,,,,,,,
12,AEA,4,3.7,Graceful kelp crab,Pugettia gracilis,2,,,,,,,,,,,,,,,,,
12,AEA,5,3.4,Giant rock scallop,Crassadoma gigantea,3,,,,,,,,,,,,,,,,,
12,AEA,5,3.4,Orange sea cucumber,Cucumaria miniata,2,,,,,,,,,,,,,,,,,
12,CMA,1,3.7,Giant rock scallop,Crassadoma gigantea,5,,,,,,,,,,,,,,,,,
12,CMA,1,3.7,Orange sea cucumber,Cucumaria miniata,8,,,,,,,,,,,,,,,,,
12,CMA,2,3.6,Giant rock scallop,Crassadoma gigantea,7,,,,,,,,,,,,,,,,,
12,CMA,2,3.6,Orange sea cucumber,Cucumaria miniata,4,,,,,,,,,,,,,,,,,
12,CMA,2,3.6,Graceful kelp crab,Pugettia gracilis,1,,,,,,,,,,,,,,,,,
12,CMA,3,3.5,Giant rock scallop,Crassadoma gigantea,2,,,,,,,,,,,,,,,,,
12,CMA,3,3.5,Orange sea cucumber,Henricia spp.,1,,,,,,,,,,,,,,,,,
12,CMA,3,3.5,Blood star,Cucumaria miniata,1,,,,,,,,,,,,,,,,,
12,CMA,4,3.5,Orange sea cucumber,Cucumaria miniata,2,,,,,,,,,,,,,,,,,
12,CMA,4,3.5,Blood star,Henricia spp.,1,,,,,,,,,,,,,,,,,
12,CMA,5,3.6,Giant rock scallop,Crassadoma gigantea,2,,,,,,,,,,,,,,,,,
12,CMA,5,3.6,Orange sea cucumber,Cucumaria miniata,1,,,,,,,,,,,,,,,,,
13,AEA,2,6.1,Sunflower sea star,Pycnopodia helianthoides,1,,,,,,,,,,,,,,,,,
13,AEA,3,6.2,Graceful kelp crab,Pugettia gracilis,1,,,,,,,,,,,,,,,,,
13,AEA,4,5.9,Green sea urchin,Strongylocentrotus droebachiensis,1,,,,,,,,,,,,,,,,,
13,AEA,4,5.9,Purple sea urchin,Strongylocentrotus purpuratus,2,,,,,,,,,,,,,,,,,
13,AEA,4,5.9,Red sea urchin,Mesocentrotus franciscanus,2,,,,,,,,,,,,,,,,,
13,AEA,4,5.9,Dusky turban snail,Tegula pulligo,1,,,,,,,,,,,,,,,,,
13,AEA,5,5.9,Dusky turban snail,Tegula pulligo,1,,,,,,,,,,,,,,,,,
13,CMA,1,5.7,Green sea urchin,Strongylocentrotus droebachiensis,1,,,,,,,,,,,,,,,,,
14,AEA,3,3.1,Purple sea urchin,Strongylocentrotus purpuratus,11,,,,,,,,,,,,,,,,,
14,AEA,3,3.1,Giant rock scallop,Crassadoma gigantea,1,,,,,,,,,,,,,,,,,
14,AEA,3,3.1,Red sea urchin,Mesocentrotus franciscanus,8,,,,,,,,,,,,,,,,,
14,AEA,3,3.1,Gumboot chiton,Cryptochiton stelleri,1,,,,,,,,,,,,,,,,,
14,AEA,3,3.1,Dusky turban snail,Tegula pulligo,3,,,,,,,,,,,,,,,,,
14,AEA,5,3.4,Purple sea urchin,Strongylocentrotus purpuratus,2,,,,,,,,,,,,,,,,,
14,AEA,5,3.4,Red sea urchin,Mesocentrotus franciscanus,2,,,,,,,,,,,,,,,,,
14,AEA,5,3.4,Gumboot chiton,Cryptochiton stelleri,2,,,,,,,,,,,,,,,,,
14,AEA,5,3.4,Dusky turban snail,Tegula pulligo,2,,,,,,,,,,,,,,,,,
14,AEA,5,3.4,Blood star,Henricia spp.,2,,,,,,,,,,,,,,,,,
14,CMA,1,3.5,Dusky turban snail,Tegula pulligo,3,,,,,,,,,,,,,,,,,
14,CMA,1,3.5,Gumboot chiton,Cryptochiton stelleri,1,,,,,,,,,,,,,,,,,
14,CMA,1,3.5,Green sea urchin,Strongylocentrotus droebachiensis,2,,,,,,,,,,,,,,,,,
14,CMA,2,3.5,Dusky turban snail,Tegula pulligo,5,,,,,,,,,,,,,,,,,
14,CMA,3,3.3,Gumboot chiton,Cryptochiton stelleri,1,,,,,,,,,,,,,,,,,
14,CMA,3,3.3,Red sea urchin,Mesocentrotus franciscanus,10,,,,,,,,,,,,,,,,,
14,CMA,3,3.3,Purple sea urchin,Strongylocentrotus purpuratus,12,,,,,,,,,,,,,,,,,
14,CMA,3,3.3,Green sea urchin,Strongylocentrotus droebachiensis,2,,,,,,,,,,,,,,,,,
14,CMA,4,3.1,Dusky turban snail,Tegula pulligo,2,,,,,,,,,,,,,,,,,
14,CMA,4,3.1,Red sea urchin,Mesocentrotus franciscanus,1,,,,,,,,,,,,,,,,,
14,CMA,4,3.1,Blood star,Henricia spp.,1,,,,,,,,,,,,,,,,,
14,CMA,5,3.4,Graceful kelp crab,Pugettia gracilis,1,,,,,,,,,,,,,,,,,
15,AEA,1,6,Green sea urchin,Strongylocentrotus droebachiensis,3,,,,,,,,,,,,,,,,,
15,AEA,3,6.8,Green sea urchin,Strongylocentrotus droebachiensis,2,,,,,,,,,,,,,,,,,
15,AEA,3,6.4,California sea cucumber,Apostichopus californicus,3,,,,,,,,,,,,,,,,,
15,AEA,3,7.1,Sunflower sea star,Pycnopodia helianthoides,1,,,,,,,,,,,,,,,,,
15,AEA,3,7.1,Orange sea cucumber,Apostichopus californicus,2,,,,,,,,,,,,,,,,,
15,AEA,4,6.2,Green sea urchin,Strongylocentrotus droebachiensis,6,,,,,,,,,,,,,,,,,
15,AEA,4,7.2,Blood star,Henricia spp.,2,,,,,,,,,,,,,,,,,
15,AEA,5,7.1,Green sea urchin,Apostichopus californicus,3,,,,,,,,,,,,,,,,,
15,AEA,5,7.1,California sea cucumber,Apostichopus californicus,1,,,,,,,,,,,,,,,,,
15,CMA,1,6.8,Green sea urchin,Strongylocentrotus droebachiensis,1,,,,,,,,,,,,,,,,,
15,CMA,1,6.8,Sunflower sea star,Pycnopodia helianthoides,1,,,,,,,,,,,,,,,,,
15,CMA,2,7.2,Green sea urchin,Strongylocentrotus droebachiensis,4,,,,,,,,,,,,,,,,,
15,CMA,2,7.2,Sunflower sea star,Pycnopodia helianthoides,2,,,,,,,,,,,,,,,,,
15,CMA,3,6.9,Orange sea cucumber,Cucumaria miniata,6,,,,,,,,,,,,,,,,,
15,CMA,3,6.9,Red sea urchin,Mesocentrotus franciscanus,1,,,,,,,,,,,,,,,,,
15,CMA,3,6.9,California sea cucumber,Apostichopus californicus,1,,,,,,,,,,,,,,,,,
15,CMA,3,6.9,Gumboot chiton,Cryptochiton stelleri,1,,,,,,,,,,,,,,,,,
15,CMA,4,7.3,Green sea urchin,Strongylocentrotus droebachiensis,12,,,,,,,,,,,,,,,,,
15,CMA,4,7.3,Gumboot chiton,Cryptochiton stelleri,1,,,,,,,,,,,,,,,,,
15,CMA,4,7.3,Blood star,Henricia spp.,2,,,,,,,,,,,,,,,,,
15,CMA,5,6.9,Green sea urchin,Strongylocentrotus droebachiensis,8,,,,,,,,,,,,,,,,,
15,CMA,5,6.9,California sea cucumber,Apostichopus californicus,2,,,,,,,,,,,,,,,,,
16,AEA,2,5.1,California sea cucumber,Apostichopus californicus,1,,,,,,,,,,,,,,,,,
16,AEA,3,5.9,Red sea urchin,Mesocentrotus franciscanus,1,,,,,,,,,,,,,,,,,
16,AEA,5,5.2,California sea cucumber,Apostichopus californicus,4,,,,,,,,,,,,,,,,,
16,AEA,5,5.2,Gumboot chiton,Cryptochiton stelleri,1,,,,,,,,,,,,,,,,,
16,CMA,1,4.6,Red sea urchin,Mesocentrotus franciscanus,1,,,,,,,,,,,,,,,,,
16,CMA,1,4.6,Sunflower sea star,Pycnopodia helianthoides,1,,,,,,,,,,,,,,,,,
16,CMA,2,4.8,Green sea urchin,Strongylocentrotus droebachiensis,3,,,,,,,,,,,,,,,,,
16,CMA,3,5.4,Red sea urchin,Mesocentrotus franciscanus,2,,,,,,,,,,,,,,,,,
16,CMA,3,5.4,Orange sea cucumber,Cucumaria miniata,2,,,,,,,,,,,,,,,,,
16,CMA,3,5.4,California sea cucumber,Apostichopus californicus,1,,,,,,,,,,,,,,,,,
16,CMA,4,5.7,Green sea urchin,Strongylocentrotus droebachiensis,2,,,,,,,,,,,,,,,,,
16,CMA,4,5.7,Gumboot chiton,Cryptochiton stelleri,1,,,,,,,,,,,,,,,,,
16,CMA,5,4.9,Green sea urchin,Strongylocentrotus droebachiensis,4,,,,,,,,,,,,,,,,,
17,AEA,1,8.2,Orange sea cucumber,Cucumaria miniata,3,,,,,,,,,,,,,,,,,
17,AEA,2,8,Orange sea cucumber,Cucumaria miniata,2,,,,,,,,,,,,,,,,,
17,AEA,3,7.8,Orange sea cucumber,Cucumaria miniata,2,,,,,,,,,,,,,,,,,
17,AEA,4,8.3,Orange sea cucumber,Cucumaria miniata,4,,,,,,,,,,,,,,,,,
17,AEA,4,8.3,California sea cucumber,Apostichopus californicus,1,,,,,,,,,,,,,,,,,
17,AEA,4,8.3,Purple sea urchin,Strongylocentrotus purpuratus,4,,,,,,,,,,,,,,,,,
17,AEA,4,8.3,Red sea urchin,Mesocentrotus franciscanus,1,,,,,,,,,,,,,,,,,
17,AEA,5,8.4,Orange sea cucumber,Cucumaria miniata,2,,,,,,,,,,,,,,,,,
17,CMA,1,,Orange sea cucumber,Cucumaria miniata,9,,,,,,,,,,,,,,,,,
17,CMA,1,,California sea cucumber,Apostichopus californicus,1,,,,,,,,,,,,,,,,,
17,CMA,2,,Orange sea cucumber,Cucumaria miniata,2,,,,,,,,,,,,,,,,,
17,CMA,2,,California sea cucumber,Apostichopus californicus,1,,,,,,,,,,,,,,,,,
17,CMA,3,,Orange sea cucumber,Cucumaria miniata,13,,,,,,,,,,,,,,,,,
17,CMA,3,,Red sea urchin,Mesocentrotus franciscanus,6,,,,,,,,,,,,,,,,,
17,CMA,4,,Orange sea cucumber,Cucumaria miniata,8,,,,,,,,,,,,,,,,,
17,CMA,4,,Sunflower sea star,Pycnopodia helianthoides,1,,,,,,,,,,,,,,,,,
17,CMA,4,,Green sea urchin,Strongylocentrotus droebachiensis,2,,,,,,,,,,,,,,,,,
19,CMA,2,,Orange sea cucumber,Cucumaria miniata,9,,,,,,,,,,,,,,,,,
19,CMA,2,,Red sea urchin,Mesocentrotus franciscanus,1,,,,,,,,,,,,,,,,,
19,CMA,3,,Orange sea cucumber,Cucumaria miniata,4,,,,,,,,,,,,,,,,,
19,CMA,3,,Green sea urchin,Strongylocentrotus droebachiensis,2,,,,,,,,,,,,,,,,,
19,CMA,3,,California sea cucumber,Apostichopus californicus,3,,,,,,,,,,,,,,,,,
19,CMA,3,,Blood star,Henricia spp.,1,,,,,,,,,,,,,,,,,
19,CMA,4,,Orange sea cucumber,Cucumaria miniata,2,,,,,,,,,,,,,,,,,
19,CMA,4,,Green sea urchin,Strongylocentrotus droebachiensis,1,,,,,,,,,,,,,,,,,
19,CMA,4,,California sea cucumber,Apostichopus californicus,2,,,,,,,,,,,,,,,,,
19,CMA,5,,Orange sea cucumber,Cucumaria miniata,4,,,,,,,,,,,,,,,,,
19,CMA,5,,Red sea urchin,Mesocentrotus franciscanus,5,,,,,,,,,,,,,,,,,
19,CMA,5,,Green sea urchin,Strongylocentrotus droebachiensis,1,,,,,,,,,,,,,,,,,
20,CMA,1,3.9,Orange sea cucumber,Cucumaria miniata,1,,,,,,,,,,,,,,,,,
20,CMA,1,3.9,Graceful kelp crab,Pugettia gracilis,1,,,,,,,,,,,,,,,,,
20,CMA,2,3.7,Gumboot chiton,Cryptochiton stelleri,1,,,,,,,,,,,,,,,,,
20,CMA,2,3.7,California sea cucumber,Apostichopus californicus,1,,,,,,,,,,,,,,,,,
20,CMA,3,3.4,Orange sea cucumber,Cucumaria miniata,2,,,,,,,,,,,,,,,,,
20,CMA,3,3.4,California sea cucumber,Apostichopus californicus,2,,,,,,,,,,,,,,,,,
20,CMA,4,3.3,Orange sea cucumber,Cucumaria miniata,1,,,,,,,,,,,,,,,,,
20,CMA,5,3.8,Orange sea cucumber,Cucumaria miniata,8,,,,,,,,,,,,,,,,,
20,CMA,5,3.8,California sea cucumber,Apostichopus californicus,1,,,,,,,,,,,,,,,,,
20,CMA,5,3.8,Red sea urchin,Mesocentrotus franciscanus,1,,,,,,,,,,,,,,,,,
18,AEA,1,3,Orange sea cucumber,Cucumaria miniata,2,,,,,,,,,,,,,,,,,
18,AEA,2,3.8,Graceful kelp crab,Pugettia gracilis,1,,,,,,,,,,,,,,,,,
18,AEA,3,3.5,Purple sea urchin,Strongylocentrotus purpuratus,2,,,,,,,,,,,,,,,,,
18,AEA,3,3.5,Red sea urchin,Mesocentrotus franciscanus,1,,,,,,,,,,,,,,,,,
18,AEA,4,3.9,Red sea urchin,Mesocentrotus franciscanus,1,,,,,,,,,,,,,,,,,
18,AEA,5,4.1,Purple sea urchin,Strongylocentrotus purpuratus,1,,,,,,,,,,,,,,,,,
20,AEA,1,3.9,Orange sea cucumber,Cucumaria miniata,1,,,,,,,,,,,,,,,,,
20,AEA,2,3.9,Orange sea cucumber,Cucumaria miniata,4,,,,,,,,,,,,,,,,,
20,AEA,3,3.8,Orange sea cucumber,Cucumaria miniata,8,,,,,,,,,,,,,,,,,
20,AEA,4,3.6,Orange sea cucumber,Cucumaria miniata,3,,,,,,,,,,,,,,,,,
20,AEA,5,3.8,Purple sea urchin,Strongylocentrotus purpuratus,1,,,,,,,,,,,,,,,,,
20,AEA,5,3.8,Leafy hornmouth,Ceratostoma foliatum,1,,,,,,,,,,,,,,,,,
18,CMA,1,3.7,Orange sea cucumber,Cucumaria miniata,3,,,,,,,,,,,,,,,,,
18,CMA,2,3.6,Orange sea cucumber,Cucumaria miniata,2,,,,,,,,,,,,,,,,,
18,CMA,2,3.6,Graceful kelp crab,Pugettia gracilis,1,,,,,,,,,,,,,,,,,
18,CMA,3,3.8,Orange sea cucumber,Cucumaria miniata,1,,,,,,,,,,,,,,,,,
18,CMA,3,3.8,Graceful kelp crab,Pugettia gracilis,1,,,,,,,,,,,,,,,,,
18,CMA,4,3.8,Orange sea cucumber,Cucumaria miniata,1,,,,,,,,,,,,,,,,,
18,CMA,4,3.8,Graceful kelp crab,Pugettia gracilis,1,,,,,,,,,,,,,,,,,
18,CMA,4,3.8,Green sea urchin,Strongylocentrotus droebachiensis,2,,,,,,,,,,,,,,,,,
18,CMA,5,4,Sunflower sea star,Pycnopodia helianthoides,1,,,,,,,,,,,,,,,,,
18,CMA,5,4,Red sea urchin,Mesocentrotus franciscanus,1,,,,,,,,,,,,,,,,,
19,AEA,1,6,California sea cucumber,Apostichopus californicus,2,,,,,,,,,,,,,,,,,
19,AEA,2,6.8,California sea cucumber,Apostichopus californicus,1,,,,,,,,,,,,,,,,,
19,AEA,3,6.4,Purple sea urchin,Apostichopus californicus,4,,,,,,,,,,,,,,,,,
19,AEA,3,7.1,Red sea urchin,Mesocentrotus franciscanus,1,,,,,,,,,,,,,,,,,
19,AEA,3,7.1,Green sea urchin,Strongylocentrotus droebachiensis,3,,,,,,,,,,,,,,,,,
19,AEA,4,6.2,Orange sea cucumber,Cucumaria miniata,3,,,,,,,,,,,,,,,,,
21,CMA,2,5.8,Sunflower sea star,Pycnopodia helianthoides,1,,,,,,,,,,,,,,,,,
21,CMA,3,5.6,Sunflower sea star,Pycnopodia helianthoides,1,,,,,,,,,,,,,,,,,
21,CMA,3,5.6,California sea cucumber,Apostichopus californicus,1,,,,,,,,,,,,,,,,,
21,CMA,4,5.6,Blood star,Henricia spp.,1,,,,,,,,,,,,,,,,,
21,AEA,3,5.4,California sea cucumber,Apostichopus californicus,1,,,,,,,,,,,,,,,,,
21,AEA,3,5.4,Graceful kelp crab,Pugettia gracilis,3,,,,,,,,,,,,,,,,,
21,AEA,4,6.1,Blood star,Henricia spp.,1,,,,,,,,,,,,,,,,,
22,CMA,2,3.1,Blood star,Henricia spp.,1,,,,,,,,,,,,,,,,,
22,CMA,3,2.8,Graceful kelp crab,Pugettia gracilis,1,,,,,,,,,,,,,,,,,
22,CMA,3,2.8,Orange sea cucumber,Cucumaria miniata,3,,,,,,,,,,,,,,,,,
22,CMA,4,2.7,Orange sea cucumber,Cucumaria miniata,1,,,,,,,,,,,,,,,,,
22,CMA,5,2.8,Orange sea cucumber,Cucumaria miniata,3,,,,,,,,,,,,,,,,,
22,AEA,1,3.8,Sunflower sea star,Pycnopodia helianthoides,1,,,,,,,,,,,,,,,,,
22,AEA,3,3.1,Orange sea cucumber,Cucumaria miniata,1,,,,,,,,,,,,,,,,,
22,AEA,4,3,Orange sea cucumber,Cucumaria miniata,2,,,,,,,,,,,,,,,,,
22,AEA,5,3,Orange sea cucumber,Cucumaria miniata,3,,,,,,,,,,,,,,,,,
23,CMA,1,7.8,Orange sea cucumber,Cucumaria miniata,2,,,,,,,,,,,,,,,,,
23,CMA,2,7.6,Gumboot chiton,Cryptochiton stelleri,1,,,,,,,,,,,,,,,,,
23,CMA,5,6.8,Northern kelp crab,Pugettia producta,1,,,,,,,,,,,,,,,,,
23,AEA,1,8.2,Orange sea cucumber,Cucumaria miniata,2,,,,,,,,,,,,,,,,,
23,AEA,2,8,Graceful kelp crab,Pugettia gracilis,6,,,,,,,,,,,,,,,,,
23,AEA,2,8,Red sea urchin,Mesocentrotus franciscanus,1,,,,,,,,,,,,,,,,,
23,AEA,3,7,Graceful kelp crab,Pugettia gracilis,2,,,,,,,,,,,,,,,,,
23,AEA,4,7.1,Graceful kelp crab,Pugettia gracilis,1,,,,,,,,,,,,,,,,,
23,AEA,5,6.8,Orange sea cucumber,Cucumaria miniata,3,,,,,,,,,,,,,,,,,
23,AEA,5,6.8,Graceful kelp crab,Pugettia gracilis,1,,,,,,,,,,,,,,,,,
24,CMA,1,5.2,Graceful kelp crab,Pugettia gracilis,1,,,,,,,,,,,,,,,,,
24,CMA,2,5.2,Green sea urchin,Strongylocentrotus droebachiensis,1,,,,,,,,,,,,,,,,,
24,AEA,1,5.5,Orange sea cucumber,Cucumaria miniata,1,,,,,,,,,,,,,,,,,
24,AEA,2,5,Graceful kelp crab,Pugettia gracilis,2,,,,,,,,,,,,,,,,,
24,AEA,3,5.1,Graceful kelp crab,Pugettia gracilis,1,,,,,,,,,,,,,,,,,
24,AEA,3,5.1,Gumboot chiton,Cryptochiton stelleri,1,,,,,,,,,,,,,,,,,
24,AEA,3,5.1,Dusky turban snail,Tegula pulligo,1,,,,,,,,,,,,,,,,,
24,AEA,4,5.5,Graceful kelp crab,Pugettia gracilis,1,,,,,,,,,,,,,,,,,
24,AEA,4,5.5,Green sea urchin,Strongylocentrotus droebachiensis,1,,,,,,,,,,,,,,,,,
24,AEA,5,5.4,Graceful kelp crab,Pugettia gracilis,3,,,,,,,,,,,,,,,,,
25,CMA,3,8.3,Red sea urchin,Mesocentrotus franciscanus,2,,,,,,,,,,,,,,,,,
25,AEA,1,8.8,California sea cucumber,Apostichopus californicus,1,,,,,,,,,,,,,,,,,
25,AEA,4,8.5,Dusky turban snail,Tegula pulligo,2,,,,,,,,,,,,,,,,,
25,AEA,5,8.1,Gumboot chiton,Cryptochiton stelleri,1,,,,,,,,,,,,,,,,,
25,AEA,5,8.1,Dusky turban snail,Tegula pulligo,4,,,,,,,,,,,,,,,,,
26,CMA,2,5.9,Red sea urchin,Mesocentrotus franciscanus,1,,,,,,,,,,,,,,,,,
26,CMA,3,6.3,Dusky turban snail,Tegula pulligo,2,,,,,,,,,,,,,,,,,
26,AEA,2,6.4,Orange sea cucumber,Cucumaria miniata,1,,,,,,,,,,,,,,,,,
26,AEA,4,6.6,Orange sea cucumber,Cucumaria miniata,1,,,,,,,,,,,,,,,,,
27,AEA,1,7.8,Orange sea cucumber,Cucumaria miniata,2,,,,,,,,,,,,,,,,,
27,AEA,1,7.8,Red sea urchin,Mesocentrotus franciscanus,1,,,,,,,,,,,,,,,,,
27,AEA,1,7.8,Purple sea urchin,Strongylocentrotus droebachiensis,1,,,,,,,,,,,,,,,,,
27,AEA,2,7.6,Orange sea cucumber,Cucumaria miniata,8,,,,,,,,,,,,,,,,,
27,AEA,2,7.6,Purple sea urchin,Strongylocentrotus purpuratus,5,,,,,,,,,,,,,,,,,
27,AEA,2,7.6,Green sea urchin,Strongylocentrotus droebachiensis,3,,,,,,,,,,,,,,,,,
27,AEA,3,7.7,Red sea urchin,Mesocentrotus franciscanus,2,,,,,,,,,,,,,,,,,
27,AEA,3,7.7,Purple sea urchin,Strongylocentrotus purpuratus,4,,,,,,,,,,,,,,,,,
27,AEA,3,7.7,Green sea urchin,Strongylocentrotus droebachiensis,4,,,,,,,,,,,,,,,,,
27,AEA,3,7.7,California sea cucumber,Apostichopus californicus,1,,,,,,,,,,,,,,,,,
27,AEA,3,7.7,Blood star,Henricia spp.,1,,,,,,,,,,,,,,,,,
27,AEA,4,8.1,Purple sea urchin,Strongylocentrotus purpuratus,4,,,,,,,,,,,,,,,,,
27,AEA,4,8.1,Blood star,Henricia spp.,2,,,,,,,,,,,,,,,,,
27,AEA,5,7.8,Orange sea cucumber,Cucumaria miniata,5,,,,,,,,,,,,,,,,,
27,AEA,5,7.8,Red sea urchin,Mesocentrotus franciscanus,7,,,,,,,,,,,,,,,,,
27,AEA,5,7.8,Purple sea urchin,Strongylocentrotus purpuratus,8,,,,,,,,,,,,,,,,,
27,AEA,5,7.8,California sea cucumber,Apostichopus californicus,38,,,,,,,,,,,,,,,,,
27,CMA,1,7.8,California sea cucumber,Cucumaria miniata,2,,,,,,,,,,,,,,,,,
27,CMA,1,7.8,Gumboot chiton,Cryptochiton stelleri,1,,,,,,,,,,,,,,,,,
27,CMA,1,7.8,Blood star,Henricia spp.,1,,,,,,,,,,,,,,,,,
27,CMA,2,7.6,Orange sea cucumber,Cucumaria miniata,3,,,,,,,,,,,,,,,,,
27,CMA,2,7.6,Red sea urchin,Mesocentrotus franciscanus,2,,,,,,,,,,,,,,,,,
27,CMA,2,7.6,Purple sea urchin,Strongylocentrotus purpuratus,1,,,,,,,,,,,,,,,,,
27,CMA,2,7.6,Northern abalone,Haliotis kamtschatkana,1,,,,,,,,,,,,,,,,,
27,CMA,3,7.5,California sea cucumber,Apostichopus californicus,3,,,,,,,,,,,,,,,,,
27,CMA,3,7.5,Blood star,Henricia spp.,2,,,,,,,,,,,,,,,,,
27,CMA,3,7.5,Orange sea cucumber,Cucumaria miniata,2,,,,,,,,,,,,,,,,,
27,CMA,3,7.5,Red sea urchin,Mesocentrotus franciscanus,5,,,,,,,,,,,,,,,,,
27,CMA,3,7.5,Purple sea urchin,Strongylocentrotus purpuratus,1,,,,,,,,,,,,,,,,,
27,CMA,3,7.5,Northern abalone,Haliotis kamtschatkana,1,,,,,,,,,,,,,,,,,
27,CMA,3,7.5,Black turban snail,Tegula pulligo,3,,,,,,,,,,,,,,,,,
27,CMA,4,8.1,Orange sea cucumber,Cucumaria miniata,3,,,,,,,,,,,,,,,,,
27,CMA,4,8.1,Red sea urchin,Mesocentrotus franciscanus,3,,,,,,,,,,,,,,,,,
27,CMA,4,8.1,Purple sea urchin,Strongylocentrotus purpuratus,1,,,,,,,,,,,,,,,,,
27,CMA,4,8.1,Green sea urchin,Strongylocentrotus droebachiensis,1,,,,,,,,,,,,,,,,,
27,CMA,5,7.8,California sea cucumber,Apostichopus californicus,1,,,,,,,,,,,,,,,,,
27,CMA,5,7.8,Blood star,Henricia spp.,1,,,,,,,,,,,,,,,,,
27,CMA,5,7.8,Orange sea cucumber,Cucumaria miniata,1,,,,,,,,,,,,,,,,,
28,CMA,5,5.7,Dusky turban snail,Tegula pulligo,2,,,,,,,,,,,,,,,,,
29,AEA,1,3,Northern kelp crab,Pugettia producta,1,,,,,,,,,,,,,,,,,
29,AEA,1,3,Blood star,Henricia spp.,2,,,,,,,,,,,,,,,,,
29,AEA,3,3.2,Orange sea cucumber,Cucumaria miniata,4,,,,,,,,,,,,,,,,,
29,AEA,3,3.2,Green sea urchin,Strongylocentrotus droebachiensis,2,,,,,,,,,,,,,,,,,
29,AEA,4,3.3,Orange sea cucumber,Cucumaria miniata,1,,,,,,,,,,,,,,,,,
29,CMA,3,2.5,Blood star,Henricia spp.,2,,,,,,,,,,,,,,,,,
29,CMA,5,2.9,Northern kelp crab,Pugettia producta,1,,,,,,,,,,,,,,,,,
30,CMA,3,2.4,Northern kelp crab,Pugettia producta,1,,,,,,,,,,,,,,,,,
