survey_id,observer,quadrat,quadrat_depth_m,species,length_cm,bryozoan_cover
1,AEA,1,4.8,Neoagarum fimbriatum,182,0
1,AEA,1,4.8,Neoagarum fimbriatum,139,0
1,AEA,1,4.8,Saccharina latissima,121,0
1,AEA,1,4.8,Saccharina latissima,87,0
1,AEA,1,4.8,Saccharina latissima,92,0
1,AEA,1,4.8,Saccharina latissima,80,0
1,AEA,1,4.8,Saccharina latissima,43,0
1,AEA,1,4.8,Saccharina latissima,22,0
1,AEA,1,4.8,Saccharina latissima,27,0
1,AEA,1,4.8,Saccharina latissima,14,0
1,AEA,1,4.8,Saccharina latissima,15,0
1,AEA,1,4.8,Saccharina latissima,67,0
1,AEA,1,4.8,Saccharina latissima,41,0
1,AEA,2,4.4,Saccharina latissima,40,0
1,AEA,2,4.4,Saccharina latissima,136,0
1,AEA,2,4.4,Saccharina latissima,72,0
1,AEA,2,4.4,Saccharina latissima,86,0
1,AEA,3,4.4,Saccharina latissima,4,0
1,AEA,3,4.4,Saccharina latissima,8,0
1,AEA,4,4.4,Saccharina latissima,104,0
1,AEA,4,4.4,Saccharina latissima,23,0
1,AEA,4,4.4,Saccharina latissima,52,0
1,AEA,5,4.1,Saccharina latissima,41,0
1,CMA,1,4.6,Neoagarum fimbriatum,177,0
1,CMA,1,4.6,Neoagarum fimbriatum,82,5
1,CMA,1,4.6,Neoagarum fimbriatum,40,20
1,CMA,1,4.6,Saccharina latissima,33,5
1,CMA,1,4.6,Saccharina latissima,28,0
1,CMA,1,4.6,Saccharina latissima,53,20
1,CMA,2,4.4,Saccharina latissima,193,10
1,CMA,2,4.4,Saccharina latissima,85,0
1,CMA,3,4.4,Neoagarum fimbriatum,70,20
1,CMA,3,4.4,Saccharina latissima,110,5
1,CMA,3,4.4,Saccharina latissima,106,10
1,CMA,3,4.4,Saccharina latissima,94,5
1,CMA,3,4.4,Saccharina latissima,48,5
1,CMA,3,4.4,Saccharina latissima,179,10
1,CMA,3,4.4,Saccharina latissima,47,5
1,CMA,4,4.1,Saccharina latissima,34,20
1,CMA,4,4.1,Saccharina latissima,138,5
1,CMA,4,4.1,Saccharina latissima,82,10
1,CMA,4,4.1,Saccharina latissima,113,20
1,CMA,4,4.1,Saccharina latissima,41,5
1,CMA,5,4.1,Saccharina latissima,32,10
1,CMA,5,4.1,Saccharina latissima,66,0
1,CMA,5,4.1,Saccharina latissima,142,10
2,AEA,1,2.3,Saccharina latissima,58,10
2,AEA,1,2.3,Saccharina latissima,159,40
2,AEA,1,2.3,Saccharina latissima,60,30
2,AEA,1,2.3,Saccharina latissima,194,10
2,AEA,1,2.3,Saccharina latissima,33,0
2,AEA,1,2.3,Saccharina latissima,36,10
2,AEA,1,2.3,Saccharina latissima,119,10
2,AEA,2,2.1,Saccharina latissima,198,0
2,AEA,2,2.1,Saccharina latissima,3,0
2,AEA,2,2.1,Saccharina latissima,189,10
2,AEA,2,2.1,Saccharina latissima,60,10
2,AEA,2,2.1,Saccharina latissima,135,0
2,AEA,2,2.1,Saccharina latissima,71,0
2,AEA,2,2.1,Saccharina latissima,62,10
2,AEA,2,2.1,Saccharina latissima,122,20
2,AEA,3,1.9,Saccharina latissima,273,10
2,AEA,3,1.9,Saccharina latissima,203,20
2,AEA,3,1.9,Saccharina latissima,119,20
2,AEA,3,1.9,Saccharina latissima,115,50
2,AEA,3,1.9,Saccharina latissima,210,20
2,AEA,4,1.9,Saccharina latissima,238,50
2,AEA,4,1.9,Saccharina latissima,61,40
2,AEA,4,1.9,Saccharina latissima,240,50
2,AEA,5,1.9,Saccharina latissima,235,50
2,AEA,5,1.9,Saccharina latissima,64,30
2,CMA,1,2,Saccharina latissima,78,0
2,CMA,1,2,Saccharina latissima,10,5
2,CMA,1,2,Saccharina latissima,115,5
2,CMA,1,2,Saccharina latissima,172,20
2,CMA,1,2,Saccharina latissima,134,10
2,CMA,1,2,Saccharina latissima,33,0
2,CMA,1,2,Alaria marginata,223,0
2,CMA,2,1.9,Saccharina latissima,74,0
2,CMA,2,1.9,Saccharina latissima,50,10
2,CMA,2,1.9,Saccharina latissima,162,10
2,CMA,2,1.9,Saccharina latissima,248,5
2,CMA,2,1.9,Saccharina latissima,21,5
2,CMA,2,1.9,Saccharina latissima,22,5
2,CMA,2,1.9,Saccharina latissima,205,10
2,CMA,2,1.9,Saccharina latissima,231,10
2,CMA,2,1.9,Costaria costata,63,30
2,CMA,3,1.7,Saccharina latissima,205,20
2,CMA,3,1.7,Saccharina latissima,23,0
2,CMA,3,1.7,Saccharina latissima,20,0
2,CMA,3,1.7,Saccharina latissima,118,10
2,CMA,3,1.7,Saccharina latissima,89,10
2,CMA,3,1.7,Saccharina latissima,110,5
2,CMA,3,1.7,Saccharina latissima,34,0
2,CMA,4,1.7,Saccharina latissima,210,20
2,CMA,4,1.7,Saccharina latissima,126,5
2,CMA,4,1.7,Saccharina latissima,90,5
2,CMA,4,1.7,Saccharina latissima,42,0
2,CMA,4,1.7,Saccharina latissima,33,0
2,CMA,4,1.7,Saccharina latissima,152,10
2,CMA,5,1.6,Saccharina latissima,90,0
2,CMA,5,1.6,Saccharina latissima,35,0
2,CMA,5,1.6,Saccharina latissima,102,5
2,CMA,5,1.6,Alaria marginata,73,0
3,AEA,1,8.6,Neoagarum fimbriatum,51,0
3,AEA,1,8.6,Pterygophora californicum,61,5
3,AEA,1,8.6,Hedophyllum nigripes,21,0
3,AEA,2,8.2,Pterygophora californicum,71,20
3,AEA,4,7,Pterygophora californicum,91,20
3,AEA,4,7,Pterygophora californicum,17,10
3,CMA,1,7.6,Hedophyllum nigripes,36,0
3,CMA,1,7.6,Hedophyllum nigripes,122,0
3,CMA,1,7.6,Pterygophora californicum,64,30
3,CMA,2,7.6,Pterygophora californicum,112,40
3,CMA,2,7.6,Pterygophora californicum,171,20
3,CMA,3,7.2,Pterygophora californicum,124,30
3,CMA,3,7.2,Pterygophora californicum,34,5
4,AEA,1,4.1,Pterygophora californicum,87,20
4,AEA,1,4.1,Pterygophora californicum,94,10
4,AEA,2,3.7,Pterygophora californicum,181,20
4,AEA,3,3.6,Pterygophora californicum,202,10
4,AEA,3,3.6,Hedophyllum nigripes,64,0
4,AEA,5,3.4,Pterygophora californicum,92,0
4,AEA,5,3.4,Pterygophora californicum,110,10
4,AEA,5,3.4,Pterygophora californicum,116,10
4,AEA,5,3.4,Pterygophora californicum,103,5
4,CMA,1,3.6,Hedophyllum nigripes,12,0
4,CMA,1,3.6,Hedophyllum nigripes,28,0
4,CMA,1,3.6,Hedophyllum nigripes,44,0
4,CMA,1,3.6,Hedophyllum nigripes,111,0
4,CMA,1,3.6,Hedophyllum nigripes,76,0
4,CMA,1,3.6,Hedophyllum nigripes,31,0
4,CMA,1,3.6,Hedophyllum nigripes,15,0
4,CMA,2,3.5,Pterygophora californicum,112,5
4,CMA,2,3.5,Costaria costata,62,0
4,CMA,3,3.7,Pterygophora californicum,157,5
4,CMA,4,3.7,Hedophyllum nigripes,18,0
4,CMA,4,3.7,Hedophyllum nigripes,74,0
4,CMA,4,3.7,Hedophyllum nigripes,42,0
4,CMA,4,3.7,Hedophyllum nigripes,22,0
4,CMA,4,3.7,Hedophyllum nigripes,113,0
4,CMA,4,3.7,Pterygophora californicum,83,10
4,CMA,5,3.5,Pterygophora californicum,121,5
4,CMA,5,3.5,Pterygophora californicum,100,5
4,CMA,5,3.5,Pterygophora californicum,88,5
4,CMA,5,3.5,Pterygophora californicum,126,10
4,CMA,5,3.5,Pterygophora californicum,202,10
4,CMA,5,3.5,Pterygophora californicum,183,10
5,AEA,1,8.7,Hedophyllum nigripes,11,0
5,AEA,1,8.7,Hedophyllum nigripes,194,0
5,AEA,2,8.9,Hedophyllum nigripes,76,0
5,AEA,2,8.9,Hedophyllum nigripes,17,0
5,AEA,3,8.8,Hedophyllum nigripes,79,0
5,AEA,3,8.8,Hedophyllum nigripes,2,0
5,AEA,3,8.8,Hedophyllum nigripes,19,0
5,AEA,3,8.8,Hedophyllum nigripes,12,0
5,AEA,3,8.8,Hedophyllum nigripes,21,0
5,AEA,3,8.8,Hedophyllum nigripes,25,0
5,AEA,3,8.8,Hedophyllum nigripes,24,0
5,AEA,3,8.8,Hedophyllum nigripes,32,0
5,AEA,3,8.8,Hedophyllum nigripes,27,0
5,AEA,3,8.8,Neoagarum fimbriatum,24,0
5,AEA,4,6.6,Hedophyllum nigripes,9,0
5,AEA,4,6.6,Hedophyllum nigripes,7,0
5,AEA,4,6.6,Hedophyllum nigripes,49,0
5,AEA,5,6.9,Hedophyllum nigripes,104,0
5,AEA,5,6.9,Hedophyllum nigripes,69,0
5,AEA,5,6.9,Hedophyllum nigripes,100,0
5,AEA,5,6.9,Hedophyllum nigripes,57,0
5,AEA,5,6.9,Hedophyllum nigripes,56,0
5,AEA,5,6.9,Hedophyllum nigripes,58,0
5,AEA,5,6.9,Hedophyllum nigripes,52,0
5,CMA,1,8,Hedophyllum nigripes,48,0
5,CMA,2,7.3,Hedophyllum nigripes,58,0
5,CMA,2,7.3,Hedophyllum nigripes,96,0
5,CMA,2,7.3,Hedophyllum nigripes,62,0
5,CMA,2,7.3,Hedophyllum nigripes,80,0
5,CMA,2,7.3,Hedophyllum nigripes,74,0
5,CMA,2,7.3,Hedophyllum nigripes,71,0
5,CMA,3,7.4,Hedophyllum nigripes,40,0
5,CMA,3,7.4,Hedophyllum nigripes,33,0
5,CMA,3,7.4,Hedophyllum nigripes,5,0
5,CMA,5,7.4,Hedophyllum nigripes,85,0
5,CMA,5,7.4,Hedophyllum nigripes,56,0
5,CMA,5,7.4,Hedophyllum nigripes,81,0
6,AEA,2,2.9,Hedophyllum nigripes,60,0
6,AEA,5,3,Hedophyllum nigripes,55,0
6,AEA,5,3,Hedophyllum nigripes,47,0
6,AEA,5,3,Pterygophora californicum,97,0
6,AEA,5,3,Pterygophora californicum,76,0
6,AEA,5,3,Pterygophora californicum,65,0
6,AEA,5,3,Pterygophora californicum,132,0
6,AEA,5,3,Pterygophora californicum,81,0
6,CMA,1,3.8,Hedophyllum nigripes,147,0
6,CMA,3,3.4,Hedophyllum nigripes,22,0
6,CMA,5,3.7,Hedophyllum nigripes,74,0
6,CMA,5,3.7,Hedophyllum nigripes,36,0
6,CMA,5,3.7,Hedophyllum nigripes,60,5
6,CMA,5,3.7,Pterygophora californicum,87,0
7,AEA,1,8.2,Dictyoneurum reticulatum,45,0
7,AEA,1,8.2,Dictyoneurum reticulatum,41,0
7,AEA,1,8.2,Dictyoneurum reticulatum,60,0
7,AEA,1,8.2,Dictyoneurum reticulatum,68,0
7,AEA,1,8.2,Dictyoneurum reticulatum,72,0
7,AEA,1,8.2,Dictyoneurum reticulatum,52,0
7,AEA,1,8.2,Dictyoneurum reticulatum,36,5
7,AEA,1,8.2,Dictyoneurum reticulatum,40,0
7,AEA,1,8.2,Dictyoneurum reticulatum,84,0
7,AEA,1,8.2,Dictyoneurum reticulatum,57,5
7,AEA,1,8.2,Dictyoneurum reticulatum,51,0
7,AEA,3,8.4,Dictyoneurum reticulatum,75,0
7,AEA,3,8.4,Dictyoneurum reticulatum,63,0
7,AEA,3,8.4,Dictyoneurum reticulatum,70,0
7,AEA,3,8.4,Dictyoneurum reticulatum,72,0
7,AEA,3,8.4,Dictyoneurum reticulatum,73,0
7,AEA,3,8.4,Dictyoneurum reticulatum,65,10
7,AEA,3,8.4,Dictyoneurum reticulatum,90,5
7,AEA,3,8.4,Dictyoneurum reticulatum,84,0
7,AEA,3,8.4,Dictyoneurum reticulatum,21,0
7,AEA,3,8.4,Dictyoneurum reticulatum,36,0
7,AEA,3,8.4,Dictyoneurum reticulatum,58,0
7,AEA,3,8.4,Dictyoneurum reticulatum,47,0
7,AEA,3,8.4,Dictyoneurum reticulatum,44,5
7,AEA,3,8.4,Dictyoneurum reticulatum,40,0
7,AEA,3,8.4,Hedophyllum nigripes,123,0
7,AEA,4,8.5,Dictyoneurum reticulatum,92,0
7,AEA,4,8.5,Dictyoneurum reticulatum,34,5
7,AEA,4,8.5,Dictyoneurum reticulatum,40,5
7,AEA,4,8.5,Dictyoneurum reticulatum,56,0
7,AEA,4,8.5,Dictyoneurum reticulatum,50,0
7,AEA,4,8.5,Dictyoneurum reticulatum,65,0
7,AEA,4,8.5,Dictyoneurum reticulatum,68,0
7,AEA,4,8.5,Dictyoneurum reticulatum,79,0
7,AEA,4,8.5,Dictyoneurum reticulatum,67,0
7,AEA,4,8.5,Dictyoneurum reticulatum,27,0
7,AEA,4,8.5,Dictyoneurum reticulatum,21,0
7,AEA,4,8.5,Dictyoneurum reticulatum,38,0
7,AEA,5,8.5,Dictyoneurum reticulatum,65,0
7,AEA,5,8.5,Dictyoneurum reticulatum,73,0
7,AEA,5,8.5,Dictyoneurum reticulatum,82,5
7,AEA,5,8.5,Dictyoneurum reticulatum,67,0
7,AEA,5,8.5,Dictyoneurum reticulatum,78,0
7,AEA,5,8.5,Dictyoneurum reticulatum,61,0
7,AEA,5,8.5,Dictyoneurum reticulatum,21,10
7,AEA,5,8.5,Dictyoneurum reticulatum,94,0
7,AEA,5,8.5,Dictyoneurum reticulatum,35,0
7,AEA,5,8.5,Dictyoneurum reticulatum,23,0
7,AEA,5,8.5,Dictyoneurum reticulatum,36,0
7,AEA,5,8.5,Dictyoneurum reticulatum,28,5
7,AEA,5,8.5,Dictyoneurum reticulatum,19,0
7,CMA,1,7.9,Dictyoneurum reticulatum,70,0
7,CMA,1,7.9,Dictyoneurum reticulatum,18,0
7,CMA,1,7.9,Dictyoneurum reticulatum,83,0
7,CMA,1,7.9,Dictyoneurum reticulatum,74,0
7,CMA,2,8,Dictyoneurum reticulatum,53,5
7,CMA,2,8,Dictyoneurum reticulatum,74,0
7,CMA,2,8,Dictyoneurum reticulatum,49,0
7,CMA,2,8,Dictyoneurum reticulatum,77,0
7,CMA,2,8,Dictyoneurum reticulatum,34,5
7,CMA,2,8,Dictyoneurum reticulatum,65,0
7,CMA,2,8,Dictyoneurum reticulatum,54,0
7,CMA,2,8,Dictyoneurum reticulatum,112,0
7,CMA,2,8,Dictyoneurum reticulatum,121,0
7,CMA,2,8,Dictyoneurum reticulatum,68,0
7,CMA,3,8.2,Dictyoneurum reticulatum,54,0
7,CMA,3,8.2,Dictyoneurum reticulatum,61,0
7,CMA,4,8.2,Pterygophora californicum,107,5
7,CMA,4,8.2,Pterygophora californicum,119,20
7,CMA,5,8.3,Dictyoneurum reticulatum,73,5
7,CMA,5,8.3,Dictyoneurum reticulatum,147,5
7,CMA,5,8.3,Dictyoneurum reticulatum,135,5
7,CMA,5,8.3,Dictyoneurum reticulatum,128,5
7,CMA,5,8.3,Dictyoneurum reticulatum,91,5
7,CMA,5,8.3,Dictyoneurum reticulatum,34,0
7,CMA,5,8.3,Dictyoneurum reticulatum,143,5
8,AEA,1,4.9,Dictyoneurum reticulatum,21,0
8,AEA,1,4.9,Dictyoneurum reticulatum,44,0
8,AEA,1,4.9,Dictyoneurum reticulatum,51,0
8,AEA,1,4.9,Dictyoneurum reticulatum,31,5
8,AEA,1,4.9,Dictyoneurum reticulatum,66,5
8,AEA,1,4.9,Dictyoneurum reticulatum,70,5
8,AEA,1,4.9,Dictyoneurum reticulatum,22,5
8,AEA,1,4.9,Dictyoneurum reticulatum,41,0
8,AEA,1,4.9,Dictyoneurum reticulatum,80,0
8,AEA,1,4.9,Dictyoneurum reticulatum,70,10
8,AEA,2,4.8,Dictyoneurum reticulatum,33,5
8,AEA,2,4.8,Dictyoneurum reticulatum,81,5
8,AEA,2,4.8,Dictyoneurum reticulatum,28,5
8,AEA,2,4.8,Dictyoneurum reticulatum,27,5
8,AEA,2,4.8,Dictyoneurum reticulatum,72,5
8,AEA,2,4.8,Dictyoneurum reticulatum,81,5
8,AEA,2,4.8,Dictyoneurum reticulatum,85,5
8,AEA,2,4.8,Dictyoneurum reticulatum,21,5
8,AEA,2,4.8,Dictyoneurum reticulatum,10,5
8,AEA,2,4.8,Dictyoneurum reticulatum,22,0
8,AEA,2,4.8,Dictyoneurum reticulatum,10,5
8,AEA,2,4.8,Dictyoneurum reticulatum,24,0
8,AEA,2,4.8,Dictyoneurum reticulatum,14,5
8,AEA,2,4.8,Dictyoneurum reticulatum,27,0
8,AEA,2,4.8,Dictyoneurum reticulatum,40,0
8,AEA,2,4.8,Dictyoneurum reticulatum,51,5
8,AEA,2,4.8,Dictyoneurum reticulatum,50,5
8,AEA,2,4.8,Dictyoneurum reticulatum,102,5
8,AEA,2,4.8,Dictyoneurum reticulatum,78,0
8,AEA,2,4.8,Dictyoneurum reticulatum,62,0
8,AEA,2,4.8,Dictyoneurum reticulatum,50,0
8,AEA,2,4.8,Dictyoneurum reticulatum,100,0
8,AEA,2,4.8,Dictyoneurum reticulatum,89,5
8,AEA,3,5.1,Dictyoneurum reticulatum,83,0
8,AEA,3,5.1,Dictyoneurum reticulatum,64,5
8,AEA,3,5.1,Dictyoneurum reticulatum,85,0
8,AEA,3,5.1,Dictyoneurum reticulatum,11,0
8,AEA,3,5.1,Dictyoneurum reticulatum,27,0
8,AEA,3,5.1,Dictyoneurum reticulatum,6,5
8,AEA,3,5.1,Dictyoneurum reticulatum,25,0
8,AEA,3,5.1,Dictyoneurum reticulatum,18,5
8,AEA,3,5.1,Dictyoneurum reticulatum,43,5
8,AEA,3,5.1,Dictyoneurum reticulatum,40,5
8,AEA,3,5.1,Dictyoneurum reticulatum,45,5
8,AEA,3,5.1,Dictyoneurum reticulatum,22,5
8,AEA,3,5.1,Dictyoneurum reticulatum,20,5
8,AEA,3,5.1,Dictyoneurum reticulatum,46,10
8,AEA,3,5.1,Dictyoneurum reticulatum,77,5
8,AEA,3,5.1,Dictyoneurum reticulatum,26,5
8,AEA,4,4.7,Dictyoneurum reticulatum,141,0
8,AEA,4,4.7,Pterygophora californicum,238,50
8,AEA,5,4.5,Dictyoneurum reticulatum,21,5
8,AEA,5,4.5,Dictyoneurum reticulatum,38,0
8,AEA,5,4.5,Dictyoneurum reticulatum,33,5
8,AEA,5,4.5,Dictyoneurum reticulatum,24,5
8,AEA,5,4.5,Dictyoneurum reticulatum,16,5
8,AEA,5,4.5,Dictyoneurum reticulatum,19,5
8,CMA,1,4.8,Pterygophora californicum,132,0
8,CMA,1,4.8,Dictyoneurum reticulatum,120,5
8,CMA,1,4.8,Dictyoneurum reticulatum,104,5
8,CMA,1,4.8,Dictyoneurum reticulatum,26,0
8,CMA,1,4.8,Dictyoneurum reticulatum,30,10
8,CMA,1,4.8,Dictyoneurum reticulatum,45,0
8,CMA,1,4.8,Dictyoneurum reticulatum,134,5
8,CMA,1,4.8,Dictyoneurum reticulatum,53,5
8,CMA,1,4.8,Dictyoneurum reticulatum,110,10
8,CMA,1,4.8,Dictyoneurum reticulatum,143,5
8,CMA,1,4.8,Dictyoneurum reticulatum,90,5
8,CMA,1,4.8,Dictyoneurum reticulatum,72,0
8,CMA,2,4.8,Pterygophora californicum,155,5
8,CMA,2,4.8,Dictyoneurum reticulatum,73,5
8,CMA,2,4.8,Dictyoneurum reticulatum,138,5
8,CMA,2,4.8,Dictyoneurum reticulatum,121,5
8,CMA,3,4.5,Dictyoneurum reticulatum,92,5
8,CMA,3,4.5,Dictyoneurum reticulatum,39,0
8,CMA,3,4.5,Dictyoneurum reticulatum,91,0
8,CMA,3,4.5,Dictyoneurum reticulatum,19,5
8,CMA,3,4.5,Dictyoneurum reticulatum,33,0
8,CMA,3,4.5,Dictyoneurum reticulatum,80,0
8,CMA,3,4.5,Dictyoneurum reticulatum,10,0
8,CMA,3,4.5,Dictyoneurum reticulatum,10,0
8,CMA,3,4.5,Dictyoneurum reticulatum,65,0
8,CMA,3,4.5,Dictyoneurum reticulatum,20,0
8,CMA,3,4.5,Dictyoneurum reticulatum,37,5
8,CMA,3,4.5,Dictyoneurum reticulatum,81,5
8,CMA,3,4.5,Dictyoneurum reticulatum,82,5
8,CMA,3,4.5,Dictyoneurum reticulatum,43,0
8,CMA,4,4.4,Dictyoneurum reticulatum,16,0
8,CMA,4,4.4,Dictyoneurum reticulatum,33,0
8,CMA,5,4.2,Pterygophora californicum,125,5
9,AEA,1,7.1,Cymathere triplicata,154,0
9,AEA,1,7.1,Cymathere triplicata,31,0
9,AEA,1,7.1,Cymathere triplicata,5,0
9,AEA,1,7.1,Cymathere triplicata,12,0
9,AEA,1,7.1,Cymathere triplicata,224,40
9,AEA,1,7.1,Cymathere triplicata,108,3
9,AEA,1,7.1,Cymathere triplicata,182,30
9,AEA,1,7.1,Cymathere triplicata,28,0
9,AEA,1,7.1,Cymathere triplicata,36,0
9,AEA,1,7.1,Cymathere triplicata,140,30
9,AEA,1,7.1,Laminaria setchellii,81,0
9,AEA,1,7.1,Laminaria setchellii,26,10
9,AEA,1,7.1,Laminaria setchellii,46,0
9,AEA,1,7.1,Laminaria setchellii,54,0
9,AEA,1,7.1,Laminaria setchellii,13,0
9,AEA,2,7.2,Cymathere triplicata,157,0
9,AEA,2,7.2,Cymathere triplicata,162,0
9,AEA,2,7.2,Cymathere triplicata,202,20
9,AEA,2,7.2,Cymathere triplicata,195,10
9,AEA,2,7.2,Cymathere triplicata,70,10
9,AEA,2,7.2,Cymathere triplicata,95,20
9,AEA,2,7.2,Cymathere triplicata,270,10
9,AEA,2,7.2,Cymathere triplicata,75,10
9,AEA,2,7.2,Cymathere triplicata,112,10
9,AEA,2,7.2,Cymathere triplicata,140,20
9,AEA,2,7.2,Laminaria setchellii,21,0
9,AEA,2,7.2,Laminaria setchellii,26,0
9,AEA,2,7.2,Laminaria setchellii,27,0
9,AEA,2,7.2,Laminaria setchellii,32,0
9,AEA,2,7.2,Laminaria setchellii,28,0
9,AEA,2,7.2,Laminaria setchellii,25,0
9,AEA,2,7.2,Laminaria setchellii,33,0
9,AEA,2,7.2,Pterygophora californicum,64,10
9,AEA,2,7.2,Pterygophora californicum,162,10
9,AEA,3,7.3,Cymathere triplicata,157,10
9,AEA,3,7.3,Cymathere triplicata,89,10
9,AEA,3,7.3,Cymathere triplicata,104,10
9,AEA,3,7.3,Cymathere triplicata,120,20
9,AEA,3,7.3,Cymathere triplicata,107,10
9,AEA,3,7.3,Cymathere triplicata,111,10
9,AEA,3,7.3,Cymathere triplicata,100,20
9,AEA,3,7.3,Cymathere triplicata,251,20
9,AEA,3,7.3,Cymathere triplicata,180,20
9,AEA,3,7.3,Cymathere triplicata,130,10
9,AEA,3,7.3,Cymathere triplicata,279,20
9,AEA,3,7.3,Cymathere triplicata,103,20
9,AEA,3,7.3,Cymathere triplicata,147,10
9,AEA,3,7.3,Laminaria setchellii,45,0
9,AEA,3,7.3,Laminaria setchellii,50,0
9,AEA,3,7.3,Laminaria setchellii,57,0
9,AEA,3,7.3,Laminaria setchellii,10,0
9,AEA,3,7.3,Pterygophora californicum,131,5
9,AEA,4,7.5,Cymathere triplicata,210,10
9,AEA,4,7.5,Cymathere triplicata,102,10
9,AEA,4,7.5,Cymathere triplicata,183,10
9,AEA,4,7.5,Cymathere triplicata,204,20
9,AEA,4,7.5,Cymathere triplicata,58,10
9,AEA,4,7.5,Cymathere triplicata,63,5
9,AEA,4,7.5,Cymathere triplicata,17,5
9,AEA,4,7.5,Cymathere triplicata,121,10
9,AEA,4,7.5,Cymathere triplicata,144,10
9,AEA,4,7.5,Cymathere triplicata,234,20
9,AEA,4,7.5,Laminaria setchellii,28,10
9,AEA,4,7.5,Laminaria setchellii,31,5
9,AEA,4,7.5,Laminaria setchellii,24,0
9,AEA,4,7.5,Laminaria setchellii,34,0
9,AEA,4,7.5,Laminaria setchellii,47,5
9,AEA,4,7.5,Laminaria setchellii,50,5
9,AEA,4,7.5,Pterygophora californicum,143,10
9,AEA,4,7.5,Pterygophora californicum,131,5
9,AEA,5,7.8,Cymathere triplicata,149,10
9,AEA,5,7.8,Cymathere triplicata,198,10
9,AEA,5,7.8,Cymathere triplicata,249,20
9,AEA,5,7.8,Cymathere triplicata,284,10
9,AEA,5,7.8,Cymathere triplicata,215,10
9,AEA,5,7.8,Cymathere triplicata,240,5
9,AEA,5,7.8,Cymathere triplicata,300,10
9,AEA,5,7.8,Laminaria setchellii,54,0
9,AEA,5,7.8,Laminaria setchellii,67,0
9,AEA,5,7.8,Laminaria setchellii,51,0
9,AEA,5,7.8,Laminaria setchellii,39,0
9,AEA,5,7.8,Laminaria setchellii,103,0
9,AEA,5,7.8,Laminaria setchellii,79,0
9,AEA,5,7.8,Laminaria setchellii,63,0
9,AEA,5,7.8,Pterygophora californicum,167,5
9,AEA,5,7.8,Pterygophora californicum,287,5
9,AEA,5,7.8,Pterygophora californicum,199,5
9,AEA,5,7.8,Pterygophora californicum,212,5
9,AEA,5,7.8,Costaria costata,117,0
9,CMA,1,6.8,Cymathere triplicata,174,20
9,CMA,1,6.8,Cymathere triplicata,90,30
9,CMA,1,6.8,Cymathere triplicata,208,20
9,CMA,1,6.8,Cymathere triplicata,110,10
9,CMA,1,6.8,Cymathere triplicata,94,10
9,CMA,1,6.8,Costaria costata,89,5
9,CMA,2,7,Cymathere triplicata,105,5
9,CMA,2,7,Cymathere triplicata,123,0
9,CMA,2,7,Cymathere triplicata,220,30
9,CMA,2,7,Cymathere triplicata,214,10
9,CMA,2,7,Cymathere triplicata,26,0
9,CMA,2,7,Cymathere triplicata,140,0
9,CMA,2,7,Cymathere triplicata,216,20
9,CMA,2,7,Cymathere triplicata,75,0
9,CMA,2,7,Cymathere triplicata,165,20
9,CMA,2,7,Cymathere triplicata,110,30
9,CMA,2,7,Cymathere triplicata,154,20
9,CMA,3,7.4,Cymathere triplicata,163,0
9,CMA,3,7.4,Cymathere triplicata,128,0
9,CMA,3,7.4,Cymathere triplicata,30,0
9,CMA,3,7.4,Cymathere triplicata,113,20
9,CMA,3,7.4,Cymathere triplicata,127,30
9,CMA,3,7.4,Laminaria setchellii,128,20
9,CMA,3,7.4,Laminaria setchellii,13,20
9,CMA,3,7.4,Laminaria setchellii,90,10
9,CMA,3,7.4,Laminaria setchellii,105,20
9,CMA,4,7.5,Cymathere triplicata,92,10
9,CMA,4,7.5,Cymathere triplicata,97,0
9,CMA,4,7.5,Cymathere triplicata,180,0
9,CMA,4,7.5,Cymathere triplicata,153,0
9,CMA,4,7.5,Cymathere triplicata,244,30
9,CMA,4,7.5,Cymathere triplicata,137,0
9,CMA,4,7.5,Cymathere triplicata,90,0
9,CMA,4,7.5,Cymathere triplicata,105,10
9,CMA,4,7.5,Cymathere triplicata,200,30
9,CMA,4,7.5,Cymathere triplicata,38,20
9,CMA,4,7.5,Cymathere triplicata,117,20
9,CMA,4,7.5,Cymathere triplicata,201,30
9,CMA,4,7.5,Laminaria setchellii,84,20
9,CMA,4,7.5,Laminaria setchellii,34,5
9,CMA,5,7.6,Cymathere triplicata,176,20
9,CMA,5,7.6,Cymathere triplicata,150,15
9,CMA,5,7.6,Cymathere triplicata,263,5
9,CMA,5,7.6,Cymathere triplicata,210,10
9,CMA,5,7.6,Cymathere triplicata,162,30
9,CMA,5,7.6,Cymathere triplicata,80,5
9,CMA,5,7.6,Cymathere triplicata,175,0
9,CMA,5,7.6,Pterygophora californicum,102,20
10,AEA,1,4.9,Cymathere triplicata,126,0
10,AEA,1,4.9,Cymathere triplicata,180,20
10,AEA,1,4.9,Cymathere triplicata,205,20
10,AEA,1,4.9,Cymathere triplicata,208,10
10,AEA,1,4.9,Cymathere triplicata,227,10
10,AEA,1,4.9,Cymathere triplicata,106,0
10,AEA,1,4.9,Cymathere triplicata,173,5
10,AEA,1,4.9,Cymathere triplicata,284,40
10,AEA,1,4.9,Cymathere triplicata,303,30
10,AEA,1,4.9,Pterygophora californicum,84,5
10,AEA,1,4.9,Pterygophora californicum,34,0
10,AEA,1,4.9,Pterygophora californicum,68,0
10,AEA,1,4.9,Pterygophora californicum,22,0
10,AEA,1,4.9,Pterygophora californicum,17,0
10,AEA,2,4.8,Cymathere triplicata,158,5
10,AEA,2,4.8,Cymathere triplicata,167,5
10,AEA,2,4.8,Cymathere triplicata,81,0
10,AEA,2,4.8,Cymathere triplicata,31,0
10,AEA,2,4.8,Cymathere triplicata,63,5
10,AEA,2,4.8,Cymathere triplicata,88,5
10,AEA,2,4.8,Cymathere triplicata,121,5
10,AEA,2,4.8,Cymathere triplicata,96,5
10,AEA,2,4.8,Cymathere triplicata,88,10
10,AEA,2,4.8,Cymathere triplicata,101,0
10,AEA,2,4.8,Cymathere triplicata,74,0
10,AEA,2,4.8,Cymathere triplicata,104,0
10,AEA,2,4.8,Cymathere triplicata,177,5
10,AEA,2,4.8,Cymathere triplicata,117,5
10,AEA,2,4.8,Cymathere triplicata,21,10
10,AEA,2,4.8,Pterygophora californicum,32,10
10,AEA,3,5,Cymathere triplicata,124,5
10,AEA,3,5,Cymathere triplicata,139,5
10,AEA,3,5,Cymathere triplicata,151,10
10,AEA,3,5,Cymathere triplicata,167,5
10,AEA,3,5,Cymathere triplicata,20,0
10,AEA,3,5,Pterygophora californicum,40,0
10,AEA,3,5,Pterygophora californicum,22,5
10,AEA,3,5,Pterygophora californicum,57,5
10,AEA,3,5,Pterygophora californicum,30,0
10,AEA,3,5,Pterygophora californicum,44,0
10,AEA,3,5,Pterygophora californicum,55,0
10,AEA,3,5,Pterygophora californicum,38,0
10,AEA,3,5,Pterygophora californicum,31,0
10,AEA,4,5,Cymathere triplicata,88,5
10,AEA,4,5,Cymathere triplicata,74,0
10,AEA,4,5,Cymathere triplicata,68,0
10,AEA,4,5,Cymathere triplicata,70,0
10,AEA,4,5,Cymathere triplicata,73,0
10,AEA,4,5,Cymathere triplicata,119,10
10,AEA,4,5,Cymathere triplicata,133,10
10,AEA,4,5,Cymathere triplicata,179,5
10,AEA,4,5,Cymathere triplicata,280,5
10,AEA,4,5,Cymathere triplicata,152,5
10,AEA,4,5,Cymathere triplicata,201,5
10,AEA,4,5,Cymathere triplicata,112,10
10,AEA,4,5,Pterygophora californicum,38,0
10,AEA,4,5,Pterygophora californicum,42,0
10,AEA,5,5.3,Cymathere triplicata,302,20
10,AEA,5,5.3,Cymathere triplicata,180,10
10,AEA,5,5.3,Cymathere triplicata,110,20
10,AEA,5,5.3,Cymathere triplicata,181,20
10,AEA,5,5.3,Cymathere triplicata,294,10
10,AEA,5,5.3,Cymathere triplicata,280,20
10,CMA,1,4.5,Cymathere triplicata,93,5
10,CMA,1,4.5,Cymathere triplicata,183,20
10,CMA,1,4.5,Cymathere triplicata,255,10
10,CMA,1,4.5,Cymathere triplicata,101,25
10,CMA,1,4.5,Cymathere triplicata,210,30
10,CMA,1,4.5,Cymathere triplicata,270,20
10,CMA,1,4.5,Cymathere triplicata,105,10
10,CMA,1,4.5,Cymathere triplicata,175,10
10,CMA,1,4.5,Cymathere triplicata,113,5
10,CMA,1,4.5,Cymathere triplicata,240,50
10,CMA,1,4.5,Cymathere triplicata,90,10
10,CMA,1,4.5,Cymathere triplicata,83,10
10,CMA,1,4.5,Cymathere triplicata,240,20
10,CMA,1,4.5,Laminaria setchellii,44,10
10,CMA,1,4.5,Laminaria setchellii,65,10
10,CMA,1,4.5,Laminaria setchellii,200,30
10,CMA,1,4.5,Laminaria setchellii,210,40
10,CMA,2,4.6,Cymathere triplicata,98,10
10,CMA,2,4.6,Cymathere triplicata,90,5
10,CMA,2,4.6,Cymathere triplicata,75,0
10,CMA,2,4.6,Cymathere triplicata,153,0
10,CMA,2,4.6,Cymathere triplicata,190,0
10,CMA,2,4.6,Cymathere triplicata,90,0
10,CMA,2,4.6,Cymathere triplicata,230,5
10,CMA,2,4.6,Cymathere triplicata,244,5
10,CMA,2,4.6,Laminaria setchellii,30,0
10,CMA,2,4.6,Laminaria setchellii,22,0
10,CMA,2,4.6,Laminaria setchellii,41,0
10,CMA,2,4.6,Laminaria setchellii,31,0
10,CMA,2,4.6,Laminaria setchellii,50,10
10,CMA,2,4.6,Laminaria setchellii,20,10
10,CMA,2,4.6,Laminaria setchellii,28,5
10,CMA,2,4.6,Laminaria setchellii,32,5
10,CMA,3,4.8,Cymathere triplicata,66,0
10,CMA,3,4.8,Cymathere triplicata,26,0
10,CMA,3,4.8,Cymathere triplicata,74,0
10,CMA,3,4.8,Cymathere triplicata,82,5
10,CMA,3,4.8,Cymathere triplicata,130,10
10,CMA,3,4.8,Cymathere triplicata,241,0
10,CMA,3,4.8,Cymathere triplicata,130,0
10,CMA,3,4.8,Laminaria setchellii,33,5
10,CMA,3,4.8,Laminaria setchellii,83,30
10,CMA,3,4.8,Laminaria setchellii,60,40
10,CMA,4,4.9,Cymathere triplicata,96,0
10,CMA,4,4.9,Cymathere triplicata,275,20
10,CMA,4,4.9,Cymathere triplicata,192,10
10,CMA,4,4.9,Cymathere triplicata,75,0
10,CMA,4,4.9,Cymathere triplicata,61,0
10,CMA,4,4.9,Cymathere triplicata,72,0
10,CMA,4,4.9,Cymathere triplicata,81,0
10,CMA,4,4.9,Cymathere triplicata,260,30
10,CMA,4,4.9,Cymathere triplicata,140,5
10,CMA,4,4.9,Cymathere triplicata,110,0
10,CMA,4,4.9,Cymathere triplicata,207,20
10,CMA,4,4.9,Cymathere triplicata,271,5
10,CMA,4,4.9,Cymathere triplicata,140,10
10,CMA,4,4.9,Cymathere triplicata,132,5
10,CMA,4,4.9,Cymathere triplicata,105,5
10,CMA,4,4.9,Cymathere triplicata,133,0
10,CMA,4,4.9,Cymathere triplicata,171,0
10,CMA,4,4.9,Cymathere triplicata,119,5
10,CMA,4,4.9,Laminaria setchellii,89,0
10,CMA,4,4.9,Laminaria setchellii,67,0
10,CMA,4,4.9,Laminaria setchellii,77,0
10,CMA,4,4.9,Laminaria setchellii,34,5
10,CMA,4,4.9,Laminaria setchellii,20,0
10,CMA,4,4.9,Laminaria setchellii,26,0
10,CMA,4,4.9,Laminaria setchellii,54,0
10,CMA,5,5.4,Cymathere triplicata,270,5
10,CMA,5,5.4,Cymathere triplicata,260,5
10,CMA,5,5.4,Cymathere triplicata,210,10
10,CMA,5,5.4,Cymathere triplicata,53,20
10,CMA,5,5.4,Cymathere triplicata,89,10
10,CMA,5,5.4,Cymathere triplicata,210,10
10,CMA,5,5.4,Cymathere triplicata,190,30
10,CMA,5,5.4,Cymathere triplicata,102,30
10,CMA,5,5.4,Cymathere triplicata,80,20
10,CMA,5,5.4,Cymathere triplicata,260,5
10,CMA,5,5.4,Cymathere triplicata,220,0
10,CMA,5,5.4,Cymathere triplicata,198,20
10,CMA,5,5.4,Cymathere triplicata,102,5
10,CMA,5,5.4,Cymathere triplicata,107,5
10,CMA,5,5.4,Cymathere triplicata,35,0
10,CMA,5,5.4,Cymathere triplicata,241,10
10,CMA,5,5.4,Cymathere triplicata,200,20
10,CMA,5,5.4,Cymathere triplicata,290,10
10,CMA,5,5.4,Cymathere triplicata,207,10
10,CMA,5,5.4,Cymathere triplicata,289,20
10,CMA,5,5.4,Cymathere triplicata,72,0
10,CMA,5,5.4,Laminaria setchellii,188,20
11,AEA,1,7.4,Neoagarum fimbriatum,125,0
11,AEA,2,7,Neoagarum fimbriatum,68,0
11,AEA,2,7,Neoagarum fimbriatum,124,0
11,AEA,2,7,Neoagarum fimbriatum,57,0
11,AEA,3,7.1,Neoagarum fimbriatum,81,0
11,AEA,3,7.1,Neoagarum fimbriatum,92,0
11,AEA,4,7.1,Neoagarum fimbriatum,17,0
11,AEA,4,7.1,Neoagarum fimbriatum,134,0
11,AEA,4,7.1,Neoagarum fimbriatum,76,0
11,AEA,4,7.1,Neoagarum fimbriatum,71,0
11,AEA,4,7.1,Neoagarum fimbriatum,111,0
11,AEA,4,7.1,Neoagarum fimbriatum,32,0
11,AEA,5,7.1,Neoagarum fimbriatum,186,0
11,AEA,5,7.1,Neoagarum fimbriatum,127,0
11,AEA,5,7.1,Neoagarum fimbriatum,113,0
11,CMA,1,6.1,Neoagarum fimbriatum,56,0
11,CMA,1,6.1,Neoagarum fimbriatum,62,0
11,CMA,2,5.8,Neoagarum fimbriatum,108,0
11,CMA,2,5.8,Neoagarum fimbriatum,79,0
11,CMA,3,6.2,Neoagarum fimbriatum,59,0
11,CMA,3,6.2,Neoagarum fimbriatum,63,0
11,CMA,3,6.2,Neoagarum fimbriatum,35,0
11,CMA,4,6.4,Neoagarum fimbriatum,93,0
11,CMA,4,6.4,Neoagarum fimbriatum,81,0
11,CMA,4,6.4,Neoagarum fimbriatum,44,0
11,CMA,4,6.4,Neoagarum fimbriatum,148,0
11,CMA,5,6.1,Neoagarum fimbriatum,116,0
11,CMA,5,6.1,Neoagarum fimbriatum,80,0
11,CMA,5,6.1,Neoagarum fimbriatum,112,0
12,AEA,4,3.7,Neoagarum fimbriatum,35,0
12,AEA,4,3.7,Neoagarum fimbriatum,32,0
12,AEA,4,3.7,Neoagarum fimbriatum,43,0
12,CMA,2,3.6,Neoagarum fimbriatum,183,0
13,AEA,1,6,Cymathere triplicata,190,0
13,AEA,1,6,Cymathere triplicata,210,0
13,AEA,1,6,Cymathere triplicata,14,0
13,AEA,1,6,Cymathere triplicata,225,0
13,AEA,1,6,Hedophyllum nigripes,12,5
13,AEA,2,6.1,Cymathere triplicata,203,0
13,AEA,2,6.1,Cymathere triplicata,187,0
13,AEA,2,6.1,Cymathere triplicata,168,0
13,AEA,2,6.1,Cymathere triplicata,34,0
13,AEA,2,6.1,Cymathere triplicata,59,0
13,AEA,2,6.1,Cymathere triplicata,110,0
13,AEA,2,6.1,Cymathere triplicata,108,0
13,AEA,2,6.1,Cymathere triplicata,161,0
13,AEA,2,6.1,Cymathere triplicata,149,0
13,AEA,2,6.1,Cymathere triplicata,36,0
13,AEA,2,6.1,Costaria costata,114,0
13,AEA,2,6.1,Costaria costata,99,0
13,AEA,2,6.1,Costaria costata,102,0
13,AEA,2,6.1,Costaria costata,121,0
13,AEA,3,6.2,Cymathere triplicata,94,0
13,AEA,3,6.2,Cymathere triplicata,104,0
13,AEA,3,6.2,Cymathere triplicata,149,0
13,AEA,3,6.2,Cymathere triplicata,182,0
13,AEA,3,6.2,Cymathere triplicata,78,0
13,AEA,3,6.2,Cymathere triplicata,154,0
13,AEA,3,6.2,Cymathere triplicata,182,0
13,AEA,3,6.2,Cymathere triplicata,196,0
13,AEA,3,6.2,Hedophyllum nigripes,54,0
13,AEA,3,6.2,Hedophyllum nigripes,95,0
13,AEA,4,5.9,Cymathere triplicata,185,0
13,AEA,4,5.9,Pleurophycus gardneri,68,5
13,AEA,4,5.9,Pleurophycus gardneri,58,5
13,AEA,4,5.9,Pleurophycus gardneri,67,0
13,AEA,4,5.9,Pleurophycus gardneri,51,0
13,AEA,4,5.9,Laminaria setchellii,139,5
13,AEA,4,5.9,Laminaria setchellii,165,0
13,AEA,4,5.9,Laminaria setchellii,180,5
13,AEA,4,5.9,Laminaria setchellii,221,5
13,AEA,5,5.9,Cymathere triplicata,152,0
13,AEA,5,5.9,Cymathere triplicata,284,0
13,AEA,5,5.9,Cymathere triplicata,196,0
13,AEA,5,5.9,Cymathere triplicata,222,0
13,AEA,5,5.9,Cymathere triplicata,252,0
13,AEA,5,5.9,Cymathere triplicata,211,0
13,AEA,5,5.9,Cymathere triplicata,190,0
13,AEA,5,5.9,Cymathere triplicata,224,0
13,AEA,5,5.9,Cymathere triplicata,276,0
13,AEA,5,5.9,Laminaria setchellii,135,0
13,AEA,5,5.9,Laminaria setchellii,136,0
13,AEA,5,5.9,Laminaria setchellii,114,0
13,AEA,5,5.9,Laminaria setchellii,122,0
13,AEA,5,5.9,Laminaria setchellii,107,0
13,AEA,5,5.9,Laminaria setchellii,98,0
13,AEA,5,5.9,Laminaria setchellii,57,0
13,CMA,1,5.7,Cymathere triplicata,77,0
13,CMA,1,5.7,Cymathere triplicata,102,0
13,CMA,1,5.7,Cymathere triplicata,112,0
13,CMA,2,5.9,Cymathere triplicata,210,5
13,CMA,2,5.9,Cymathere triplicata,177,5
13,CMA,2,5.9,Cymathere triplicata,111,0
13,CMA,2,5.9,Cymathere triplicata,33,0
13,CMA,2,5.9,Cymathere triplicata,91,0
13,CMA,2,5.9,Cymathere triplicata,146,0
13,CMA,2,5.9,Cymathere triplicata,158,0
13,CMA,2,5.9,Cymathere triplicata,34,20
13,CMA,2,5.9,Cymathere triplicata,254,0
13,CMA,2,5.9,Laminaria setchellii,70,0
13,CMA,2,5.9,Hedophyllum nigripes,27,0
13,CMA,2,5.9,Costaria costata,115,0
13,CMA,2,5.9,Costaria costata,113,5
13,CMA,2,5.9,Costaria costata,96,0
13,CMA,3,6,Cymathere triplicata,302,10
13,CMA,3,6,Cymathere triplicata,67,0
13,CMA,3,6,Cymathere triplicata,220,0
13,CMA,3,6,Cymathere triplicata,100,0
13,CMA,3,6,Cymathere triplicata,84,0
13,CMA,3,6,Cymathere triplicata,90,0
13,CMA,3,6,Cymathere triplicata,16,0
13,CMA,3,6,Cymathere triplicata,106,0
13,CMA,3,6,Cymathere triplicata,100,0
13,CMA,3,6,Cymathere triplicata,210,0
13,CMA,3,6,Cymathere triplicata,78,0
13,CMA,3,6,Costaria costata,167,0
13,CMA,4,6.2,Cymathere triplicata,79,0
13,CMA,4,6.2,Cymathere triplicata,124,0
13,CMA,4,6.2,Cymathere triplicata,11,0
13,CMA,4,6.2,Cymathere triplicata,87,0
13,CMA,4,6.2,Laminaria setchellii,68,0
13,CMA,4,6.2,Laminaria setchellii,92,0
13,CMA,4,6.2,Laminaria setchellii,100,0
13,CMA,4,6.2,Laminaria setchellii,70,0
13,CMA,4,6.2,Hedophyllum nigripes,104,0
13,CMA,4,6.2,Hedophyllum nigripes,71,0
13,CMA,4,6.2,Costaria costata,101,0
13,CMA,4,6.2,Costaria costata,88,0
13,CMA,4,6.2,Costaria costata,68,0
13,CMA,4,6.2,Pleurophycus gardneri,129,0
13,CMA,4,6.2,Pleurophycus gardneri,88,0
13,CMA,5,6.2,Cymathere triplicata,69,0
13,CMA,5,6.2,Cymathere triplicata,32,5
13,CMA,5,6.2,Cymathere triplicata,101,0
13,CMA,5,6.2,Cymathere triplicata,170,5
13,CMA,5,6.2,Cymathere triplicata,130,0
13,CMA,5,6.2,Hedophyllum nigripes,8,0
13,CMA,5,6.2,Hedophyllum nigripes,13,0
13,CMA,5,6.2,Hedophyllum nigripes,6,0
13,CMA,5,6.2,Hedophyllum nigripes,5,0
13,CMA,5,6.2,Hedophyllum nigripes,37,0
13,CMA,5,6.2,Costaria costata,132,0
14,AEA,1,3.9,Hedophyllum nigripes,16,5
14,AEA,1,3.9,Hedophyllum nigripes,14,5
14,AEA,1,3.9,Hedophyllum nigripes,15,10
14,AEA,1,3.9,Hedophyllum nigripes,14,5
14,AEA,1,3.9,Hedophyllum nigripes,22,5
14,AEA,1,3.9,Hedophyllum nigripes,32,5
14,AEA,1,3.9,Hedophyllum nigripes,48,5
14,AEA,1,3.9,Pterygophora californicum,93,5
14,AEA,1,3.9,Pterygophora californicum,132,10
14,AEA,1,3.9,Pterygophora californicum,155,5
14,AEA,1,3.9,Pterygophora californicum,140,5
14,AEA,2,3.6,Hedophyllum nigripes,42,0
14,AEA,2,3.6,Hedophyllum nigripes,36,0
14,AEA,2,3.6,Hedophyllum nigripes,48,5
14,AEA,2,3.6,Pterygophora californicum,64,5
14,AEA,2,3.6,Pterygophora californicum,99,5
14,AEA,2,3.6,Pterygophora californicum,37,5
14,AEA,2,3.6,Pterygophora californicum,29,5
14,AEA,2,3.6,Pterygophora californicum,36,5
14,AEA,2,3.6,Pterygophora californicum,68,5
14,AEA,2,3.6,Pterygophora californicum,41,5
14,AEA,2,3.6,Pterygophora californicum,260,5
14,AEA,2,3.6,Pterygophora californicum,280,5
14,AEA,3,3.1,Hedophyllum nigripes,46,0
14,AEA,3,3.1,Hedophyllum nigripes,61,0
14,AEA,3,3.1,Hedophyllum nigripes,82,0
14,AEA,3,3.1,Hedophyllum nigripes,68,0
14,AEA,3,3.1,Hedophyllum nigripes,49,10
14,AEA,3,3.1,Hedophyllum nigripes,32,10
14,AEA,3,3.1,Hedophyllum nigripes,5,0
14,AEA,3,3.1,Hedophyllum nigripes,26,0
14,AEA,3,3.1,Hedophyllum nigripes,42,0
14,AEA,3,3.1,Hedophyllum nigripes,21,0
14,AEA,3,3.1,Hedophyllum nigripes,16,0
14,AEA,3,3.1,Hedophyllum nigripes,18,0
14,AEA,3,3.1,Hedophyllum nigripes,22,0
14,AEA,4,3.3,Pterygophora californicum,47,5
14,AEA,4,3.3,Pterygophora californicum,37,5
14,AEA,4,3.3,Pterygophora californicum,40,5
14,AEA,4,3.3,Pterygophora californicum,51,5
14,AEA,4,3.3,Pterygophora californicum,55,5
14,AEA,4,3.3,Pterygophora californicum,24,5
14,AEA,4,3.3,Pterygophora californicum,17,10
14,AEA,4,3.3,Pterygophora californicum,30,0
14,AEA,4,3.3,Pterygophora californicum,57,0
14,AEA,4,3.3,Pterygophora californicum,23,0
14,AEA,4,3.3,Laminaria setchellii,93,5
14,AEA,4,3.3,Laminaria setchellii,18,0
14,AEA,4,3.3,Laminaria setchellii,37,0
14,AEA,4,3.3,Laminaria setchellii,50,0
14,AEA,4,3.3,Laminaria setchellii,35,5
14,AEA,4,3.3,Laminaria setchellii,30,0
14,AEA,5,3.4,Pterygophora californicum,59,0
14,AEA,5,3.4,Pterygophora californicum,65,0
14,AEA,5,3.4,Pterygophora californicum,62,0
14,AEA,5,3.4,Pterygophora californicum,55,0
14,AEA,5,3.4,Pterygophora californicum,45,0
14,AEA,5,3.4,Pterygophora californicum,40,0
14,AEA,5,3.4,Pterygophora californicum,41,0
14,AEA,5,3.4,Pterygophora californicum,43,5
14,AEA,5,3.4,Hedophyllum nigripes,54,10
14,AEA,5,3.4,Hedophyllum nigripes,33,5
14,AEA,5,3.4,Hedophyllum nigripes,58,5
14,AEA,5,3.4,Hedophyllum nigripes,39,5
14,AEA,5,3.4,Hedophyllum nigripes,7,0
14,AEA,5,3.4,Hedophyllum nigripes,33,0
14,AEA,5,3.4,Hedophyllum nigripes,22,0
14,AEA,5,3.4,Hedophyllum nigripes,22,0
14,AEA,5,3.4,Laminaria setchellii,52,0
14,AEA,5,3.4,Laminaria setchellii,67,0
14,CMA,1,3.5,Pterygophora californicum,166,0
14,CMA,1,3.5,Pterygophora californicum,95,5
14,CMA,1,3.5,Pterygophora californicum,94,5
14,CMA,1,3.5,Pterygophora californicum,102,0
14,CMA,1,3.5,Pterygophora californicum,80,80
14,CMA,1,3.5,Pterygophora californicum,170,5
14,CMA,1,3.5,Pterygophora californicum,183,0
14,CMA,1,3.5,Pleurophycus gardneri,140,0
14,CMA,1,3.5,Pleurophycus gardneri,70,0
14,CMA,1,3.5,Hedophyllum nigripes,14,0
14,CMA,1,3.5,Hedophyllum nigripes,12,0
14,CMA,1,3.5,Hedophyllum nigripes,126,0
14,CMA,1,3.5,Hedophyllum nigripes,118,0
14,CMA,1,3.5,Hedophyllum nigripes,108,0
14,CMA,1,3.5,Hedophyllum nigripes,120,5
14,CMA,1,3.5,Hedophyllum nigripes,88,0
14,CMA,1,3.5,Laminaria setchellii,83,0
14,CMA,1,3.5,Laminaria setchellii,90,0
14,CMA,1,3.5,Laminaria setchellii,77,0
14,CMA,1,3.5,Laminaria setchellii,78,0
14,CMA,1,3.5,Laminaria setchellii,64,0
14,CMA,2,3.5,Pterygophora californicum,160,0
14,CMA,2,3.5,Pterygophora californicum,176,0
14,CMA,2,3.5,Pterygophora californicum,80,5
14,CMA,2,3.5,Pterygophora californicum,154,0
14,CMA,2,3.5,Pterygophora californicum,128,0
14,CMA,2,3.5,Hedophyllum nigripes,33,0
14,CMA,2,3.5,Hedophyllum nigripes,95,0
14,CMA,2,3.5,Hedophyllum nigripes,28,0
14,CMA,2,3.5,Hedophyllum nigripes,38,50
14,CMA,2,3.5,Hedophyllum nigripes,30,20
14,CMA,2,3.5,Hedophyllum nigripes,18,0
14,CMA,2,3.5,Hedophyllum nigripes,43,0
14,CMA,2,3.5,Hedophyllum nigripes,120,20
14,CMA,2,3.5,Laminaria setchellii,100,0
14,CMA,2,3.5,Laminaria setchellii,118,0
14,CMA,2,3.5,Laminaria setchellii,174,0
14,CMA,2,3.5,Laminaria setchellii,44,0
14,CMA,2,3.5,Laminaria setchellii,133,0
14,CMA,2,3.5,Laminaria setchellii,102,0
14,CMA,2,3.5,Laminaria setchellii,110,0
14,CMA,2,3.5,Laminaria setchellii,112,0
14,CMA,2,3.5,Hedophyllum nigripes,111,10
14,CMA,2,3.5,Hedophyllum nigripes,143,20
14,CMA,2,3.5,Hedophyllum nigripes,25,80
14,CMA,2,3.5,Hedophyllum nigripes,20,5
14,CMA,2,3.5,Hedophyllum nigripes,81,5
14,CMA,2,3.5,Hedophyllum nigripes,33,0
14,CMA,2,3.5,Hedophyllum nigripes,10,25
14,CMA,2,3.5,Hedophyllum nigripes,152,20
14,CMA,3,3.3,Pleurophycus gardneri,35,0
14,CMA,3,3.3,Pleurophycus gardneri,47,0
14,CMA,3,3.3,Hedophyllum nigripes,10,10
14,CMA,3,3.3,Hedophyllum nigripes,14,0
14,CMA,3,3.3,Hedophyllum nigripes,24,0
14,CMA,3,3.3,Hedophyllum nigripes,39,0
14,CMA,3,3.3,Hedophyllum nigripes,70,0
14,CMA,4,3.1,Pterygophora californicum,154,0
14,CMA,4,3.1,Pterygophora californicum,26,0
14,CMA,4,3.1,Pterygophora californicum,24,0
14,CMA,4,3.1,Pterygophora californicum,36,0
14,CMA,4,3.1,Pleurophycus gardneri,30,0
14,CMA,4,3.1,Pleurophycus gardneri,33,20
14,CMA,4,3.1,Pleurophycus gardneri,49,0
14,CMA,4,3.1,Pleurophycus gardneri,23,0
14,CMA,4,3.1,Hedophyllum nigripes,34,0
14,CMA,4,3.1,Hedophyllum nigripes,70,0
14,CMA,4,3.1,Hedophyllum nigripes,85,5
14,CMA,4,3.1,Laminaria setchellii,30,0
14,CMA,4,3.1,Laminaria setchellii,90,0
14,CMA,4,3.1,Laminaria setchellii,110,0
14,CMA,4,3.1,Laminaria setchellii,123,10
14,CMA,4,3.1,Laminaria setchellii,104,0
14,CMA,4,3.1,Laminaria setchellii,80,0
14,CMA,4,3.1,Laminaria setchellii,77,0
14,CMA,4,3.1,Laminaria setchellii,82,5
14,CMA,4,3.1,Laminaria setchellii,73,10
14,CMA,5,3.4,Pterygophora californicum,130,0
14,CMA,5,3.4,Pterygophora californicum,125,0
14,CMA,5,3.4,Pterygophora californicum,142,0
14,CMA,5,3.4,Pterygophora californicum,33,5
14,CMA,5,3.4,Pterygophora californicum,140,0
14,CMA,5,3.4,Pleurophycus gardneri,90,5
14,CMA,5,3.4,Pleurophycus gardneri,110,0
14,CMA,5,3.4,Hedophyllum nigripes,96,40
14,CMA,5,3.4,Hedophyllum nigripes,92,30
14,CMA,5,3.4,Hedophyllum nigripes,25,0
14,CMA,5,3.4,Hedophyllum nigripes,43,30
14,CMA,5,3.4,Hedophyllum nigripes,21,0
15,AEA,1,6.3,Alaria marginata,132,10
15,AEA,1,6.3,Alaria marginata,152,0
15,AEA,1,6.3,Alaria marginata,234,0
15,AEA,1,6.3,Alaria marginata,202,10
15,AEA,1,6.3,Cymathere triplicata,86,20
15,AEA,1,6.3,Cymathere triplicata,61,5
15,AEA,1,6.3,Cymathere triplicata,65,40
15,AEA,1,6.3,Cymathere triplicata,32,10
15,AEA,1,6.3,Cymathere triplicata,41,20
15,AEA,1,6.3,Costaria costata,92,0
15,AEA,1,6.3,Costaria costata,102,0
15,AEA,2,6.7,Alaria marginata,72,40
15,AEA,2,6.7,Alaria marginata,39,30
15,AEA,2,6.7,Alaria marginata,154,10
15,AEA,2,6.7,Alaria marginata,91,30
15,AEA,2,6.7,Alaria marginata,83,30
15,AEA,2,6.7,Cymathere triplicata,40,30
15,AEA,2,6.7,Cymathere triplicata,89,30
15,AEA,2,6.7,Cymathere triplicata,85,50
15,AEA,2,6.7,Cymathere triplicata,95,50
15,AEA,2,6.7,Cymathere triplicata,171,60
15,AEA,2,6.7,Cymathere triplicata,97,40
15,AEA,2,6.7,Cymathere triplicata,59,30
15,AEA,2,6.7,Cymathere triplicata,21,30
15,AEA,3,7.1,Cymathere triplicata,47,20
15,AEA,3,7.1,Cymathere triplicata,19,10
15,AEA,3,7.1,Cymathere triplicata,51,10
15,AEA,3,7.1,Cymathere triplicata,55,10
15,AEA,3,7.1,Cymathere triplicata,62,10
15,AEA,3,7.1,Cymathere triplicata,54,10
15,AEA,3,7.1,Cymathere triplicata,58,10
15,AEA,3,7.1,Cymathere triplicata,59,10
15,AEA,3,7.1,Cymathere triplicata,99,0
15,AEA,3,7.1,Cymathere triplicata,83,0
15,AEA,3,7.1,Cymathere triplicata,89,0
15,AEA,3,7.1,Cymathere triplicata,93,0
15,AEA,4,7.2,Alaria marginata,131,0
15,AEA,4,7.2,Alaria marginata,117,0
15,AEA,4,7.2,Alaria marginata,42,0
15,AEA,4,7.2,Cymathere triplicata,102,0
15,AEA,4,7.2,Cymathere triplicata,84,0
15,AEA,4,7.2,Cymathere triplicata,6,0
15,AEA,4,7.2,Cymathere triplicata,192,10
15,AEA,4,7.2,Cymathere triplicata,86,10
15,AEA,4,7.2,Cymathere triplicata,70,0
15,AEA,4,7.2,Cymathere triplicata,65,10
15,AEA,4,7.2,Cymathere triplicata,46,20
15,AEA,4,7.2,Cymathere triplicata,50,0
15,AEA,4,7.2,Cymathere triplicata,60,0
15,AEA,5,7.1,Alaria marginata,86,0
15,AEA,5,7.1,Alaria marginata,71,0
15,AEA,5,7.1,Alaria marginata,63,10
15,AEA,5,7.1,Alaria marginata,40,0
15,AEA,5,7.1,Alaria marginata,84,0
15,AEA,5,7.1,Cymathere triplicata,56,10
15,AEA,5,7.1,Cymathere triplicata,43,0
15,AEA,5,7.1,Cymathere triplicata,44,10
15,AEA,5,7.1,Cymathere triplicata,65,20
15,AEA,5,7.1,Cymathere triplicata,91,10
15,AEA,5,7.1,Cymathere triplicata,121,10
15,AEA,5,7.1,Stipe,40,40
15,CMA,1,6.8,Alaria marginata,143,10
15,CMA,1,6.8,Alaria marginata,107,10
15,CMA,1,6.8,Alaria marginata,99,30
15,CMA,1,6.8,Alaria marginata,90,50
15,CMA,1,6.8,Alaria marginata,123,50
15,CMA,1,6.8,Alaria marginata,74,30
15,CMA,1,6.8,Stipe,26,30
15,CMA,1,6.8,Stipe,42,40
15,CMA,1,6.8,Stipe,24,30
15,CMA,1,6.8,Stipe,30,60
15,CMA,1,6.8,Stipe,43,30
15,CMA,1,6.8,Cymathere triplicata,85,30
15,CMA,1,6.8,Cymathere triplicata,110,20
15,CMA,2,7.2,Alaria marginata,100,15
15,CMA,2,7.2,Alaria marginata,114,20
15,CMA,2,7.2,Stipe,61,20
15,CMA,2,7.2,Stipe,44,10
15,CMA,2,7.2,Cymathere triplicata,65,5
15,CMA,2,7.2,Cymathere triplicata,90,5
15,CMA,2,7.2,Cymathere triplicata,67,5
15,CMA,2,7.2,Cymathere triplicata,75,5
15,CMA,3,6.9,Cymathere triplicata,82,0
15,CMA,3,6.9,Cymathere triplicata,106,0
15,CMA,3,6.9,Cymathere triplicata,117,0
15,CMA,3,6.9,Cymathere triplicata,93,5
15,CMA,3,6.9,Cymathere triplicata,107,5
15,CMA,3,6.9,Cymathere triplicata,125,0
15,CMA,4,7.3,Alaria marginata,84,10
15,CMA,4,7.3,Alaria marginata,92,5
15,CMA,4,7.3,Alaria marginata,73,5
15,CMA,4,7.3,Alaria marginata,104,5
15,CMA,4,7.3,Alaria marginata,140,0
15,CMA,4,7.3,Alaria marginata,12,0
15,CMA,4,7.3,Alaria marginata,111,5
15,CMA,4,7.3,Alaria marginata,118,0
15,CMA,4,7.3,Stipe,60,15
15,CMA,4,7.3,Stipe,100,20
15,CMA,4,7.3,Stipe,18,0
15,CMA,4,7.3,Stipe,99,0
15,CMA,4,7.3,Stipe,37,0
15,CMA,4,7.3,Cymathere triplicata,72,10
15,CMA,4,7.3,Cymathere triplicata,90,15
15,CMA,4,7.3,Cymathere triplicata,63,0
15,CMA,4,7.3,Cymathere triplicata,39,20
15,CMA,4,7.3,Cymathere triplicata,105,0
15,CMA,4,7.3,Cymathere triplicata,120,0
15,CMA,4,7.3,Cymathere triplicata,98,0
15,CMA,5,6.9,Alaria marginata,88,30
15,CMA,5,6.9,Alaria marginata,47,25
15,CMA,5,6.9,Alaria marginata,95,30
15,CMA,5,6.9,Alaria marginata,84,10
15,CMA,5,6.9,Alaria marginata,31,5
15,CMA,5,6.9,Alaria marginata,78,20
15,CMA,5,6.9,Alaria marginata,100,5
15,CMA,5,6.9,Stipe,38,40
15,CMA,5,6.9,Stipe,21,90
15,CMA,5,6.9,Stipe,43,30
15,CMA,5,6.9,Cymathere triplicata,55,30
15,CMA,5,6.9,Cymathere triplicata,99,40
15,CMA,5,6.9,Cymathere triplicata,40,10
15,CMA,5,6.9,Cymathere triplicata,5,10
15,CMA,5,6.9,Cymathere triplicata,104,30
15,CMA,5,6.9,Cymathere triplicata,60,40
15,CMA,5,6.9,Cymathere triplicata,65,50
16,AEA,1,5.5,Neoagarum fimbriatum,81,0
16,AEA,1,5.5,Neoagarum fimbriatum,101,0
16,AEA,1,5.5,Neoagarum fimbriatum,20,0
16,AEA,1,5.5,Neoagarum fimbriatum,42,0
16,AEA,1,5.5,Neoagarum fimbriatum,76,0
16,AEA,1,5.5,Pterygophora californicum,87,0
16,AEA,2,5.1,Neoagarum fimbriatum,55,0
16,AEA,2,5.1,Neoagarum fimbriatum,30,0
16,AEA,2,5.1,Neoagarum fimbriatum,40,0
16,AEA,2,5.1,Neoagarum fimbriatum,27,0
16,AEA,3,5.9,Pterygophora californicum,41,0
16,AEA,4,4.9,Neoagarum fimbriatum,48,0
16,AEA,4,4.9,Pterygophora californicum,49,0
16,AEA,5,5.2,Neoagarum fimbriatum,86,0
16,AEA,5,5.2,Neoagarum fimbriatum,45,0
16,AEA,5,5.2,Pterygophora californicum,48,0
16,AEA,5,5.2,Pterygophora californicum,53,0
16,CMA,1,4.6,Neoagarum fimbriatum,64,0
16,CMA,2,4.8,Cymathere triplicata,102,0
16,CMA,4,5.7,Cymathere triplicata,116,0
16,CMA,4,5.7,Cymathere triplicata,137,15
16,CMA,4,5.7,Cymathere triplicata,113,5
16,CMA,5,4.9,Costaria costata,72,5
16,CMA,5,4.9,Costaria costata,74,0
19,AEA,1,6,Alaria marginata,194,5
19,AEA,1,6,Alaria marginata,165,0
19,AEA,1,6,Alaria marginata,65,5
19,AEA,1,6,Alaria marginata,210,0
19,AEA,1,6,Alaria marginata,187,10
19,AEA,1,6,Alaria marginata,220,0
19,AEA,1,6,Stipe,57,10
19,AEA,1,6,Stipe,66,5
19,AEA,1,6,Stipe,74,10
19,AEA,1,6,Stipe,88,0
19,AEA,2,6.8,Alaria marginata,74,0
19,AEA,2,6.8,Alaria marginata,157,0
19,AEA,2,6.8,Alaria marginata,121,0
19,AEA,2,6.8,Cymathere triplicata,128,0
19,AEA,2,6.8,Cymathere triplicata,102,0
19,AEA,2,6.8,Cymathere triplicata,97,0
19,AEA,3,6.4,Alaria marginata,127,0
19,AEA,3,6.4,Alaria marginata,48,0
19,AEA,4,6.2,Alaria marginata,136,0
19,AEA,4,6.2,Cymathere triplicata,107,0
19,AEA,4,6.2,Cymathere triplicata,59,0
19,AEA,4,6.2,Cymathere triplicata,121,10
19,AEA,4,6.2,Neoagarum fimbriatum,43,0
19,AEA,5,6.6,Alaria marginata,159,0
19,AEA,5,6.6,Alaria marginata,83,10
19,AEA,5,6.6,Alaria marginata,112,10
19,AEA,5,6.6,Stipe,70,0
19,AEA,5,6.6,Stipe,77,0
19,AEA,5,6.6,Cymathere triplicata,129,10
19,AEA,5,6.6,Cymathere triplicata,128,10
17,AEA,1,7.9,Neoagarum fimbriatum,175,10
17,AEA,1,7.9,Neoagarum fimbriatum,48,0
17,AEA,1,7.9,Neoagarum fimbriatum,79,0
17,AEA,1,7.9,Neoagarum fimbriatum,41,10
17,AEA,1,7.9,Neoagarum fimbriatum,67,10
17,AEA,1,7.9,Cymathere triplicata,89,0
17,AEA,2,7.9,Neoagarum fimbriatum,74,10
17,AEA,2,7.9,Neoagarum fimbriatum,29,5
17,AEA,2,7.9,Neoagarum fimbriatum,41,10
17,AEA,2,7.9,Neoagarum fimbriatum,104,10
17,AEA,2,7.9,Neoagarum fimbriatum,67,10
17,AEA,2,7.9,Neoagarum fimbriatum,141,10
17,AEA,2,7.9,Neoagarum fimbriatum,92,20
17,AEA,2,7.9,Cymathere triplicata,39,30
17,AEA,2,7.9,Cymathere triplicata,91,50
17,AEA,2,7.9,Cymathere triplicata,68,40
17,AEA,2,7.9,Cymathere triplicata,122,20
17,AEA,2,7.9,Cymathere triplicata,102,20
17,AEA,2,7.9,Cymathere triplicata,114,30
17,AEA,2,7.9,Alaria marginata,49,0
17,AEA,2,7.9,Alaria marginata,93,0
17,AEA,3,7.7,Neoagarum fimbriatum,125,10
17,AEA,3,7.7,Neoagarum fimbriatum,92,10
17,AEA,3,7.7,Neoagarum fimbriatum,135,10
17,AEA,3,7.7,Cymathere triplicata,44,10
17,AEA,3,7.7,Cymathere triplicata,45,20
17,AEA,3,7.7,Cymathere triplicata,60,20
17,AEA,3,7.7,Cymathere triplicata,72,20
17,AEA,3,7.7,Cymathere triplicata,135,10
17,AEA,3,7.7,Cymathere triplicata,140,10
17,AEA,3,7.7,Cymathere triplicata,12,10
17,AEA,3,7.7,Cymathere triplicata,44,20
17,AEA,3,7.7,Costaria costata,68,0
17,AEA,4,8,Neoagarum fimbriatum,76,0
17,AEA,4,8,Neoagarum fimbriatum,10,0
17,AEA,4,8,Cymathere triplicata,83,0
17,AEA,4,8,Cymathere triplicata,36,0
17,AEA,4,8,Cymathere triplicata,57,10
17,AEA,4,8,Cymathere triplicata,102,0
17,AEA,4,8,Cymathere triplicata,26,0
17,AEA,5,8.1,Neoagarum fimbriatum,22,0
17,AEA,5,8.1,Neoagarum fimbriatum,46,0
17,AEA,5,8.1,Neoagarum fimbriatum,63,0
17,AEA,5,8.1,Cymathere triplicata,50,10
17,AEA,5,8.1,Cymathere triplicata,65,10
17,AEA,5,8.1,Cymathere triplicata,71,10
17,AEA,5,8.1,Cymathere triplicata,152,0
17,AEA,5,8.1,Cymathere triplicata,127,20
17,AEA,5,8.1,Cymathere triplicata,168,20
19,CMA,1,6.3,Alaria marginata,153,5
19,CMA,1,6.3,Alaria marginata,108,0
19,CMA,1,6.3,Alaria marginata,90,0
19,CMA,1,6.3,Alaria marginata,202,0
19,CMA,1,6.3,Alaria marginata,161,0
19,CMA,1,6.3,Alaria marginata,164,0
19,CMA,2,5.8,Cymathere triplicata,53,0
19,CMA,2,5.8,Hedophyllum nigripes,110,20
19,CMA,3,5.9,Alaria marginata,93,10
19,CMA,3,5.9,Cymathere triplicata,152,15
19,CMA,3,5.9,Cymathere triplicata,120,10
19,CMA,3,5.9,Cymathere triplicata,59,5
19,CMA,4,6.6,Alaria marginata,178,0
19,CMA,4,6.6,Costaria costata,122,0
19,CMA,5,5.7,Cymathere triplicata,114,0
19,CMA,5,5.7,Cymathere triplicata,91,0
17,CMA,1,7.9,Neoagarum fimbriatum,89,0
17,CMA,1,7.9,Neoagarum fimbriatum,97,0
17,CMA,1,7.9,Neoagarum fimbriatum,14,0
17,CMA,1,7.9,Neoagarum fimbriatum,100,0
17,CMA,2,7.9,Neoagarum fimbriatum,23,0
17,CMA,2,7.9,Costaria costata,67,30
17,CMA,2,7.9,Stipe,30,10
17,CMA,2,7.9,Cymathere triplicata,72,30
17,CMA,2,7.9,Cymathere triplicata,78,20
17,CMA,2,7.9,Cymathere triplicata,92,5
17,CMA,2,7.9,Cymathere triplicata,101,10
17,CMA,2,7.9,Cymathere triplicata,123,10
17,CMA,2,7.9,Cymathere triplicata,94,20
17,CMA,4,8,Neoagarum fimbriatum,160,0
17,CMA,4,8,Neoagarum fimbriatum,114,0
17,CMA,4,8,Neoagarum fimbriatum,64,0
17,CMA,4,8,Neoagarum fimbriatum,106,0
17,CMA,4,8,Cymathere triplicata,93,30
17,CMA,4,8,Cymathere triplicata,134,15
17,CMA,4,8,Cymathere triplicata,104,10
17,CMA,4,8,Cymathere triplicata,37,5
17,CMA,5,8.1,Neoagarum fimbriatum,68,0
17,CMA,5,8.1,Neoagarum fimbriatum,82,0
17,CMA,5,8.1,Cymathere triplicata,59,5
17,CMA,5,8.1,Cymathere triplicata,92,0
17,CMA,5,8.1,Cymathere triplicata,131,0
20,CMA,1,3.9,Cymathere triplicata,101,20
20,CMA,1,3.9,Cymathere triplicata,143,20
20,CMA,1,3.9,Cymathere triplicata,98,20
20,CMA,1,3.9,Alaria marginata,104,5
20,CMA,1,3.9,Alaria marginata,125,10
20,CMA,1,3.9,Alaria marginata,90,0
20,CMA,2,3.7,Cymathere triplicata,97,10
20,CMA,2,3.7,Alaria marginata,116,0
20,CMA,2,3.7,Alaria marginata,178,0
20,CMA,3,3.4,Alaria marginata,195,5
20,CMA,3,3.4,Alaria marginata,151,0
20,CMA,3,3.4,Alaria marginata,100,0
20,CMA,3,3.4,Alaria marginata,121,15
20,CMA,3,3.4,Alaria marginata,132,5
20,CMA,4,3.3,Alaria marginata,95,5
20,CMA,4,3.3,Alaria marginata,111,5
20,CMA,4,3.3,Alaria marginata,93,0
20,CMA,4,3.3,Alaria marginata,70,0
20,CMA,4,3.3,Alaria marginata,158,5
20,CMA,4,3.3,Alaria marginata,72,0
20,CMA,4,3.3,Alaria marginata,133,0
20,CMA,4,3.3,Alaria marginata,120,0
20,CMA,4,3.3,Stipe,47,10
20,CMA,5,3.8,Alaria marginata,78,0
20,CMA,5,3.8,Alaria marginata,99,0
20,CMA,5,3.8,Costaria costata,80,0
20,CMA,5,3.8,Costaria costata,58,0
20,AEA,1,3.9,Alaria marginata,165,10
20,AEA,1,3.9,Alaria marginata,140,10
20,AEA,1,3.9,Alaria marginata,175,5
20,AEA,1,3.9,Alaria marginata,195,0
20,AEA,1,3.9,Alaria marginata,172,5
20,AEA,1,3.9,Alaria marginata,119,5
20,AEA,1,3.9,Alaria marginata,154,5
20,AEA,2,3.9,Saccharina latissima,92,20
20,AEA,2,3.9,Saccharina latissima,57,10
20,AEA,3,3.8,Alaria marginata,111,10
20,AEA,3,3.8,Alaria marginata,119,10
20,AEA,3,3.8,Alaria marginata,117,5
20,AEA,3,3.8,Alaria marginata,134,10
20,AEA,3,3.8,Alaria marginata,92,10
20,AEA,3,3.8,Alaria marginata,110,0
20,AEA,3,3.8,Cymathere triplicata,97,20
20,AEA,3,3.8,Cymathere triplicata,46,40
20,AEA,4,3.6,Alaria marginata,207,0
20,AEA,4,3.6,Alaria marginata,165,5
20,AEA,4,3.6,Alaria marginata,157,0
20,AEA,5,3.8,Alaria marginata,225,0
20,AEA,5,3.8,Alaria marginata,190,0
20,AEA,5,3.8,Alaria marginata,122,10
20,AEA,5,3.8,Alaria marginata,162,0
20,AEA,5,3.8,Alaria marginata,133,20
20,AEA,5,3.8,Alaria marginata,55,1
20,AEA,5,3.8,Pterygophora californicum,48,30
18,AEA,1,3,Alaria marginata,73,0
18,AEA,1,3,Alaria marginata,65,10
18,AEA,1,3,Alaria marginata,80,10
18,AEA,1,3,Alaria marginata,55,30
18,AEA,1,3,Alaria marginata,95,10
18,AEA,1,3,Alaria marginata,29,0
18,AEA,1,3,Alaria marginata,30,50
18,AEA,1,3,Alaria marginata,66,40
18,AEA,2,3.8,Alaria marginata,41,10
18,AEA,2,3.8,Alaria marginata,171,50
18,AEA,2,3.8,Alaria marginata,122,20
18,AEA,2,3.8,Alaria marginata,79,20
18,AEA,2,3.8,Alaria marginata,142,30
18,AEA,2,3.8,Alaria marginata,96,20
18,AEA,2,3.8,Pterygophora californicum,33,50
18,AEA,3,3.5,Alaria marginata,85,20
18,AEA,3,3.5,Alaria marginata,89,20
18,AEA,3,3.5,Alaria marginata,82,70
18,AEA,3,3.5,Cymathere triplicata,54,60
18,AEA,3,3.5,Cymathere triplicata,30,50
18,AEA,3,3.5,Cymathere triplicata,52,50
18,AEA,3,3.5,Cymathere triplicata,44,60
18,AEA,3,3.5,Stipe,50,70
18,AEA,3,3.5,Stipe,72,80
18,AEA,3,3.5,Stipe,38,70
18,AEA,3,3.5,Stipe,41,50
18,AEA,3,3.5,Stipe,32,40
18,AEA,3,3.5,Stipe,38,20
18,AEA,4,3.9,Alaria marginata,84,30
18,AEA,4,3.9,Alaria marginata,10,30
18,AEA,4,3.9,Alaria marginata,153,20
18,AEA,4,3.9,Cymathere triplicata,54,50
18,AEA,4,3.9,Cymathere triplicata,63,40
18,AEA,4,3.9,Cymathere triplicata,50,50
18,AEA,4,3.9,Stipe,42,60
18,AEA,4,3.9,Stipe,31,70
18,AEA,4,3.9,Stipe,22,70
18,AEA,4,3.9,Stipe,25,50
18,AEA,4,3.9,Stipe,29,60
18,AEA,4,3.9,Neoagarum fimbriatum,67,20
18,AEA,5,4.1,Alaria marginata,106,20
18,AEA,5,4.1,Stipe,37,50
18,AEA,5,4.1,Stipe,33,70
18,AEA,5,4.1,Stipe,39,70
18,AEA,5,4.1,Neoagarum fimbriatum,58,10
18,AEA,5,4.1,Costaria costata,46,0
18,CMA,1,3.7,Cymathere triplicata,47,20
18,CMA,1,3.7,Cymathere triplicata,43,10
18,CMA,1,3.7,Cymathere triplicata,40,0
18,CMA,1,3.7,Stipe,54,50
18,CMA,1,3.7,Stipe,40,70
18,CMA,1,3.7,Stipe,51,60
18,CMA,1,3.7,Stipe,39,80
18,CMA,1,3.7,Stipe,44,40
18,CMA,1,3.7,Alaria marginata,137,30
18,CMA,1,3.7,Alaria marginata,142,20
18,CMA,2,3.6,Stipe,31,10
18,CMA,2,3.6,Stipe,57,10
18,CMA,2,3.6,Stipe,44,50
18,CMA,2,3.6,Stipe,30,5
18,CMA,2,3.6,Stipe,48,40
18,CMA,2,3.6,Alaria marginata,163,10
18,CMA,2,3.6,Alaria marginata,113,20
18,CMA,3,3.8,Cymathere triplicata,51,30
18,CMA,3,3.8,Cymathere triplicata,62,40
18,CMA,3,3.8,Cymathere triplicata,100,25
18,CMA,3,3.8,Cymathere triplicata,122,60
18,CMA,3,3.8,Cymathere triplicata,45,60
18,CMA,3,3.8,Cymathere triplicata,127,50
18,CMA,3,3.8,Cymathere triplicata,48,20
18,CMA,3,3.8,Cymathere triplicata,47,10
18,CMA,3,3.8,Cymathere triplicata,63,50
18,CMA,3,3.8,Stipe,43,80
18,CMA,3,3.8,Stipe,40,60
18,CMA,3,3.8,Stipe,34,70
18,CMA,3,3.8,Alaria marginata,49,30
18,CMA,3,3.8,Alaria marginata,75,10
18,CMA,3,3.8,Alaria marginata,156,40
18,CMA,3,3.8,Alaria marginata,140,20
18,CMA,3,3.8,Alaria marginata,170,30
18,CMA,3,3.8,Alaria marginata,165,5
18,CMA,3,3.8,Alaria marginata,198,30
18,CMA,4,3.8,Stipe,21,70
18,CMA,4,3.8,Stipe,20,5
18,CMA,4,3.8,Stipe,21,0
18,CMA,4,3.8,Stipe,40,10
18,CMA,4,3.8,Stipe,28,15
18,CMA,4,3.8,Stipe,37,50
18,CMA,4,3.8,Stipe,48,50
18,CMA,4,3.8,Alaria marginata,62,30
18,CMA,4,3.8,Alaria marginata,54,20
18,CMA,4,3.8,Alaria marginata,98,30
18,CMA,4,3.8,Alaria marginata,102,25
18,CMA,4,3.8,Alaria marginata,111,15
18,CMA,5,4,Stipe,23,0
18,CMA,5,4,Stipe,33,5
18,CMA,5,4,Stipe,31,30
18,CMA,5,4,Stipe,27,40
18,CMA,5,4,Stipe,24,60
18,CMA,5,4,Stipe,26,20
18,CMA,5,4,Stipe,16,20
18,CMA,5,4,Stipe,52,85
18,CMA,5,4,Alaria marginata,96,5
18,CMA,5,4,Alaria marginata,71,5
18,CMA,5,4,Alaria marginata,44,10
18,CMA,5,4,Alaria marginata,68,20
18,CMA,5,4,Alaria marginata,90,30
18,CMA,5,4,Neoagarum fimbriatum,60,10
21,CMA,1,5.9,Costaria costata,270,0
21,CMA,1,5.9,Costaria costata,261,0
21,CMA,1,5.9,Pleurophycus gardneri,84,0
21,CMA,1,5.9,Hedophyllum nigripes,184,5
21,CMA,2,5.8,Costaria costata,292,0
21,CMA,2,5.8,Hedophyllum nigripes,153,5
21,CMA,2,5.8,Hedophyllum nigripes,194,5
21,CMA,3,5.6,Hedophyllum nigripes,140,0
21,CMA,3,5.6,Hedophyllum nigripes,153,5
21,CMA,3,5.6,Hedophyllum nigripes,52,10
21,CMA,3,5.6,Cymathere triplicata,113,5
21,CMA,3,5.6,Cymathere triplicata,49,0
21,CMA,4,5.6,Costaria costata,177,0
21,CMA,4,5.6,Hedophyllum nigripes,147,5
21,CMA,4,5.6,Hedophyllum nigripes,133,10
21,CMA,5,5.9,Pleurophycus gardneri,76,5
21,CMA,5,5.9,Pleurophycus gardneri,54,0
21,CMA,5,5.9,Hedophyllum nigripes,180,5
21,CMA,5,5.9,Hedophyllum nigripes,65,0
21,AEA,1,6.2,Cymathere triplicata,47,0
21,AEA,1,6.2,Costaria costata,45,0
21,AEA,2,6,Pleurophycus gardneri,40,0
21,AEA,2,6,Hedophyllum nigripes,180,5
21,AEA,2,6,Hedophyllum nigripes,48,0
21,AEA,3,5.4,Hedophyllum nigripes,50,5
21,AEA,3,5.4,Hedophyllum nigripes,25,0
21,AEA,4,6.1,Pleurophycus gardneri,135,0
21,AEA,4,6.1,Hedophyllum nigripes,90,0
21,AEA,5,6,Hedophyllum nigripes,130,5
22,CMA,2,3.1,Pleurophycus gardneri,95,0
22,CMA,2,3.1,Hedophyllum nigripes,101,0
22,CMA,2,3.1,Hedophyllum nigripes,112,5
22,CMA,2,3.1,Hedophyllum nigripes,68,0
22,CMA,2,3.1,Hedophyllum nigripes,117,0
22,CMA,2,3.1,Hedophyllum nigripes,47,5
22,CMA,2,3.1,Hedophyllum nigripes,120,0
22,CMA,3,2.8,Hedophyllum nigripes,76,0
22,CMA,3,2.8,Hedophyllum nigripes,18,0
22,CMA,3,2.8,Hedophyllum nigripes,70,5
22,CMA,3,2.8,Hedophyllum nigripes,89,0
22,CMA,4,2.7,Hedophyllum nigripes,36,0
22,CMA,4,2.7,Hedophyllum nigripes,127,0
22,CMA,4,2.7,Hedophyllum nigripes,116,0
22,CMA,4,2.7,Hedophyllum nigripes,64,0
22,CMA,4,2.7,Hedophyllum nigripes,125,0
22,CMA,4,2.7,Hedophyllum nigripes,154,0
22,CMA,4,2.7,Hedophyllum nigripes,105,0
22,CMA,4,2.7,Hedophyllum nigripes,77,0
22,CMA,4,2.7,Hedophyllum nigripes,146,0
22,CMA,5,2.8,Hedophyllum nigripes,14,0
22,CMA,5,2.8,Hedophyllum nigripes,46,0
22,CMA,5,2.8,Hedophyllum nigripes,13,0
22,CMA,5,2.8,Hedophyllum nigripes,27,0
22,CMA,5,2.8,Hedophyllum nigripes,10,0
22,CMA,5,2.8,Hedophyllum nigripes,102,0
22,CMA,5,2.8,Hedophyllum nigripes,62,0
22,CMA,5,2.8,Alaria marginata,181,0
22,CMA,5,2.8,Stipe,26,0
22,CMA,5,2.8,Costaria costata,77,0
22,CMA,5,2.8,Costaria costata,112,0
22,AEA,1,3.8,Pleurophycus gardneri,55,0
22,AEA,1,3.8,Hedophyllum nigripes,50,0
22,AEA,1,3.8,Hedophyllum nigripes,55,5
22,AEA,1,3.8,Hedophyllum nigripes,45,5
22,AEA,2,3.5,Pleurophycus gardneri,121,0
22,AEA,2,3.5,Hedophyllum nigripes,100,0
22,AEA,2,3.5,Hedophyllum nigripes,82,0
22,AEA,2,3.5,Hedophyllum nigripes,61,0
22,AEA,2,3.5,Hedophyllum nigripes,55,0
22,AEA,3,3.1,Pleurophycus gardneri,90,0
22,AEA,3,3.1,Hedophyllum nigripes,25,0
22,AEA,3,3.1,Hedophyllum nigripes,55,5
22,AEA,3,3.1,Hedophyllum nigripes,65,5
22,AEA,3,3.1,Hedophyllum nigripes,70,0
22,AEA,4,3,Pleurophycus gardneri,85,0
22,AEA,4,3,Hedophyllum nigripes,55,0
22,AEA,4,3,Alaria marginata,155,0
22,AEA,5,3,Pleurophycus gardneri,75,0
22,AEA,5,3,Hedophyllum nigripes,54,0
22,AEA,5,3,Hedophyllum nigripes,95,0
22,AEA,5,3,Hedophyllum nigripes,62,0
22,AEA,5,3,Hedophyllum nigripes,49,0
22,AEA,5,3,Hedophyllum nigripes,58,0
22,AEA,5,3,Hedophyllum nigripes,10,0
22,AEA,5,3,Hedophyllum nigripes,142,5
23,CMA,1,7.8,Hedophyllum nigripes,30,5
23,CMA,1,7.8,Hedophyllum nigripes,10,0
23,CMA,1,7.8,Hedophyllum nigripes,162,50
23,CMA,1,7.8,Hedophyllum nigripes,83,30
23,CMA,1,7.8,Pleurophycus gardneri,90,0
23,CMA,1,7.8,Pleurophycus gardneri,64,10
23,CMA,1,7.8,Pleurophycus gardneri,175,15
23,CMA,2,7.6,Hedophyllum nigripes,39,5
23,CMA,2,7.6,Costaria costata,108,0
23,CMA,2,7.6,Neoagarum fimbriatum,67,0
23,CMA,3,7.3,Hedophyllum nigripes,16,5
23,CMA,3,7.3,Hedophyllum nigripes,6,0
23,CMA,3,7.3,Hedophyllum nigripes,6,0
23,CMA,3,7.3,Hedophyllum nigripes,8,0
23,CMA,3,7.3,Hedophyllum nigripes,11,0
23,CMA,3,7.3,Hedophyllum nigripes,7,0
23,CMA,3,7.3,Hedophyllum nigripes,70,0
23,CMA,3,7.3,Hedophyllum nigripes,10,0
23,CMA,3,7.3,Hedophyllum nigripes,21,0
23,CMA,3,7.3,Hedophyllum nigripes,28,0
23,CMA,3,7.3,Hedophyllum nigripes,125,20
23,CMA,3,7.3,Neoagarum fimbriatum,62,0
23,CMA,3,7.3,Neoagarum fimbriatum,41,0
23,CMA,3,7.3,Hedophyllum nigripes,133,10
23,CMA,4,7.2,Hedophyllum nigripes,150,40
23,CMA,4,7.2,Hedophyllum nigripes,128,25
23,CMA,4,7.2,Hedophyllum nigripes,210,15
23,CMA,4,7.2,Hedophyllum nigripes,20,40
23,CMA,4,7.2,Neoagarum fimbriatum,66,5
23,CMA,4,7.2,Neoagarum fimbriatum,58,0
23,CMA,4,7.2,Stipe,24,0
23,CMA,5,6.8,Hedophyllum nigripes,46,5
23,CMA,5,6.8,Hedophyllum nigripes,31,5
23,CMA,5,6.8,Hedophyllum nigripes,77,15
23,CMA,5,6.8,Hedophyllum nigripes,80,10
23,CMA,5,6.8,Hedophyllum nigripes,83,10
23,CMA,5,6.8,Hedophyllum nigripes,122,20
23,CMA,5,6.8,Hedophyllum nigripes,21,0
23,CMA,5,6.8,Hedophyllum nigripes,81,15
23,CMA,5,6.8,Hedophyllum nigripes,200,20
23,CMA,5,6.8,Hedophyllum nigripes,83,20
23,CMA,5,6.8,Hedophyllum nigripes,204,30
23,CMA,5,6.8,Stipe,26,0
23,CMA,5,6.8,Stipe,24,0
23,CMA,5,6.8,Stipe,27,0
23,AEA,1,8.2,Hedophyllum nigripes,195,10
23,AEA,1,8.2,Hedophyllum nigripes,182,10
23,AEA,1,8.2,Hedophyllum nigripes,20,0
23,AEA,2,8,Hedophyllum nigripes,109,40
23,AEA,2,8,Hedophyllum nigripes,104,20
23,AEA,2,8,Hedophyllum nigripes,110,10
23,AEA,2,8,Hedophyllum nigripes,139,20
23,AEA,2,8,Hedophyllum nigripes,105,30
23,AEA,2,8,Hedophyllum nigripes,127,20
23,AEA,2,8,Hedophyllum nigripes,92,30
23,AEA,2,8,Pleurophycus gardneri,175,5
23,AEA,3,7,Pleurophycus gardneri,41,0
23,AEA,3,7,Pleurophycus gardneri,63,0
23,AEA,3,7,Pleurophycus gardneri,77,0
23,AEA,3,7,Pleurophycus gardneri,84,0
23,AEA,3,7,Pleurophycus gardneri,134,5
23,AEA,3,7,Pleurophycus gardneri,137,5
23,AEA,3,7,Pleurophycus gardneri,141,5
23,AEA,3,7,Stipe,21,0
23,AEA,3,7,Stipe,13,0
23,AEA,3,7,Stipe,23,0
23,AEA,3,7,Stipe,32,0
23,AEA,3,7,Stipe,50,0
23,AEA,3,7,Saccharina latissima,19,0
23,AEA,4,7.1,Pleurophycus gardneri,134,0
23,AEA,4,7.1,Neoagarum fimbriatum,46,0
23,AEA,4,7.1,Neoagarum fimbriatum,72,0
23,AEA,4,7.1,Neoagarum fimbriatum,82,0
23,AEA,4,7.1,Neoagarum fimbriatum,32,0
23,AEA,4,7.1,Neoagarum fimbriatum,47,0
23,AEA,5,6.8,Hedophyllum nigripes,4,0
23,AEA,5,6.8,Stipe,27,0
23,AEA,5,6.8,Stipe,29,0
23,AEA,5,6.8,Stipe,31,0
24,CMA,1,5.2,Hedophyllum nigripes,122,60
24,CMA,1,5.2,Hedophyllum nigripes,131,40
24,CMA,1,5.2,Hedophyllum nigripes,209,50
24,CMA,1,5.2,Hedophyllum nigripes,77,50
24,CMA,1,5.2,Hedophyllum nigripes,192,50
24,CMA,1,5.2,Pleurophycus gardneri,124,20
24,CMA,1,5.2,Pleurophycus gardneri,76,15
24,CMA,1,5.2,Stipe,35,0
24,CMA,1,5.2,Stipe,9,0
24,CMA,2,5.2,Hedophyllum nigripes,109,15
24,CMA,2,5.2,Hedophyllum nigripes,80,5
24,CMA,2,5.2,Hedophyllum nigripes,125,30
24,CMA,2,5.2,Hedophyllum nigripes,92,10
24,CMA,2,5.2,Pleurophycus gardneri,73,5
24,CMA,2,5.2,Stipe,24,0
24,CMA,2,5.2,Stipe,22,0
24,CMA,2,5.2,Stipe,17,10
24,CMA,2,5.2,Stipe,20,10
24,CMA,3,5.1,Hedophyllum nigripes,8,0
24,CMA,3,5.1,Hedophyllum nigripes,16,0
24,CMA,3,5.1,Hedophyllum nigripes,89,15
24,CMA,3,5.1,Hedophyllum nigripes,184,40
24,CMA,4,5,Hedophyllum nigripes,111,5
24,CMA,4,5,Hedophyllum nigripes,114,20
24,CMA,4,5,Hedophyllum nigripes,27,0
24,CMA,4,5,Pleurophycus gardneri,80,10
24,CMA,4,5,Pleurophycus gardneri,97,0
24,CMA,5,5.1,Hedophyllum nigripes,27,0
24,AEA,1,5.5,Pleurophycus gardneri,38,5
24,AEA,1,5.5,Pleurophycus gardneri,162,5
24,AEA,1,5.5,Pleurophycus gardneri,250,10
24,AEA,1,5.5,Pleurophycus gardneri,21,0
24,AEA,1,5.5,Hedophyllum nigripes,152,20
24,AEA,1,5.5,Hedophyllum nigripes,159,40
24,AEA,1,5.5,Hedophyllum nigripes,148,40
24,AEA,1,5.5,Hedophyllum nigripes,125,20
24,AEA,2,5,Pleurophycus gardneri,35,0
24,AEA,2,5,Pleurophycus gardneri,95,0
24,AEA,2,5,Pleurophycus gardneri,108,5
24,AEA,2,5,Hedophyllum nigripes,118,20
24,AEA,2,5,Hedophyllum nigripes,133,20
24,AEA,2,5,Hedophyllum nigripes,113,10
24,AEA,2,5,Hedophyllum nigripes,154,70
24,AEA,2,5,Hedophyllum nigripes,142,50
24,AEA,3,5.1,Pleurophycus gardneri,124,0
24,AEA,3,5.1,Pleurophycus gardneri,22,5
24,AEA,3,5.1,Pleurophycus gardneri,85,5
24,AEA,3,5.1,Hedophyllum nigripes,51,0
24,AEA,3,5.1,Saccharina latissima,24,0
24,AEA,4,5.5,Hedophyllum nigripes,204,10
24,AEA,4,5.5,Hedophyllum nigripes,54,10
24,AEA,4,5.5,Hedophyllum nigripes,137,60
24,AEA,4,5.5,Hedophyllum nigripes,202,50
24,AEA,5,5.4,Pleurophycus gardneri,86,10
24,AEA,5,5.4,Pleurophycus gardneri,166,10
24,AEA,5,5.4,Pleurophycus gardneri,112,50
24,AEA,5,5.4,Pleurophycus gardneri,107,40
24,AEA,5,5.4,Pleurophycus gardneri,35,30
24,AEA,5,5.4,Pleurophycus gardneri,116,40
24,AEA,5,5.4,Pleurophycus gardneri,109,40
24,AEA,5,5.4,Hedophyllum nigripes,176,50
24,AEA,5,5.4,Pleurophycus gardneri,112,30
24,AEA,5,5.4,Pleurophycus gardneri,128,40
24,AEA,5,5.4,Pleurophycus gardneri,143,50
25,CMA,1,8.2,Cymathere triplicata,75,10
25,CMA,1,8.2,Cymathere triplicata,32,20
25,CMA,1,8.2,Cymathere triplicata,243,40
25,CMA,1,8.2,Cymathere triplicata,150,20
25,CMA,1,8.2,Cymathere triplicata,166,40
25,CMA,1,8.2,Cymathere triplicata,29,0
25,CMA,1,8.2,Cymathere triplicata,273,50
25,CMA,1,8.2,Costaria costata,61,5
25,CMA,1,8.2,Alaria marginata,64,0
25,CMA,2,8.2,Cymathere triplicata,244,40
25,CMA,2,8.2,Costaria costata,91,0
25,CMA,2,8.2,Costaria costata,66,0
25,CMA,2,8.2,Costaria costata,150,0
25,CMA,3,8.3,Cymathere triplicata,171,10
25,CMA,3,8.3,Cymathere triplicata,202,20
25,CMA,3,8.3,Costaria costata,162,0
25,CMA,3,8.3,Costaria costata,69,0
25,CMA,3,8.3,Costaria costata,190,0
25,CMA,3,8.3,Costaria costata,82,0
25,CMA,3,8.3,Costaria costata,142,5
25,CMA,4,8,Cymathere triplicata,116,15
25,CMA,4,8,Cymathere triplicata,209,20
25,CMA,4,8,Cymathere triplicata,253,50
25,CMA,4,8,Cymathere triplicata,78,5
25,CMA,4,8,Cymathere triplicata,67,10
25,CMA,4,8,Cymathere triplicata,104,10
25,CMA,4,8,Costaria costata,257,5
25,CMA,4,8,Hedophyllum nigripes,154,60
25,CMA,4,8,Hedophyllum nigripes,12,1
25,CMA,4,8,Hedophyllum nigripes,22,10
25,CMA,4,8,Hedophyllum nigripes,103,60
25,CMA,5,8.1,Cymathere triplicata,180,30
25,CMA,5,8.1,Cymathere triplicata,126,20
25,CMA,5,8.1,Cymathere triplicata,153,15
25,CMA,5,8.1,Cymathere triplicata,297,40
25,CMA,5,8.1,Cymathere triplicata,231,50
25,CMA,5,8.1,Cymathere triplicata,114,30
25,AEA,1,8.8,Hedophyllum nigripes,38,50
25,AEA,1,8.8,Cymathere triplicata,76,20
25,AEA,1,8.8,Cymathere triplicata,145,40
25,AEA,1,8.8,Cymathere triplicata,136,50
25,AEA,1,8.8,Cymathere triplicata,155,50
25,AEA,1,8.8,Cymathere triplicata,132,50
25,AEA,1,8.8,Cymathere triplicata,159,40
25,AEA,1,8.8,Laminaria setchellii,89,5
25,AEA,2,8.6,Cymathere triplicata,78,10
25,AEA,2,8.6,Cymathere triplicata,141,10
25,AEA,2,8.6,Cymathere triplicata,95,10
25,AEA,2,8.6,Costaria costata,123,5
25,AEA,3,8.5,Costaria costata,107,0
25,AEA,3,8.5,Costaria costata,95,0
25,AEA,3,8.5,Costaria costata,52,0
25,AEA,3,8.5,Costaria costata,53,0
25,AEA,4,8.5,Hedophyllum nigripes,18,5
25,AEA,4,8.5,Cymathere triplicata,140,50
25,AEA,4,8.5,Cymathere triplicata,150,60
25,AEA,4,8.5,Cymathere triplicata,84,40
25,AEA,4,8.5,Cymathere triplicata,121,40
25,AEA,4,8.5,Cymathere triplicata,164,70
25,AEA,4,8.5,Cymathere triplicata,144,70
25,AEA,4,8.5,Cymathere triplicata,150,10
25,AEA,4,8.5,Cymathere triplicata,16,5
25,AEA,4,8.5,Costaria costata,111,5
25,AEA,4,8.5,Costaria costata,169,5
25,AEA,4,8.5,Alaria marginata,16,5
25,AEA,4,8.5,Cymathere triplicata,186,30
25,AEA,4,8.5,Cymathere triplicata,131,20
25,AEA,4,8.5,Cymathere triplicata,121,20
25,AEA,4,8.5,Cymathere triplicata,103,20
25,AEA,4,8.5,Cymathere triplicata,102,30
25,AEA,4,8.5,Cymathere triplicata,143,40
25,AEA,5,8.1,Hedophyllum nigripes,134,10
25,AEA,5,8.1,Cymathere triplicata,132,40
25,AEA,5,8.1,Cymathere triplicata,168,10
25,AEA,5,8.1,Cymathere triplicata,148,20
25,AEA,5,8.1,Cymathere triplicata,183,20
25,AEA,5,8.1,Cymathere triplicata,143,10
25,AEA,5,8.1,Cymathere triplicata,167,20
25,AEA,5,8.1,Costaria costata,117,0
25,AEA,5,8.1,Costaria costata,110,0
25,AEA,5,8.1,Cymathere triplicata,12,0
25,AEA,5,8.1,Cymathere triplicata,162,10
25,AEA,5,8.1,Cymathere triplicata,146,20
26,CMA,1,5.9,Costaria costata,63,30
26,CMA,1,5.9,Costaria costata,84,0
26,CMA,1,5.9,Costaria costata,128,20
26,CMA,1,5.9,Costaria costata,92,15
26,CMA,1,5.9,Hedophyllum nigripes,14,30
26,CMA,1,5.9,Hedophyllum nigripes,16,90
26,CMA,1,5.9,Cymathere triplicata,295,80
26,CMA,1,5.9,Cymathere triplicata,118,40
26,CMA,1,5.9,Cymathere triplicata,75,20
26,CMA,1,5.9,Laminaria setchellii,76,25
26,CMA,1,5.9,Stipe,48,10
26,CMA,1,5.9,Stipe,20,0
26,CMA,2,5.9,Costaria costata,87,5
26,CMA,2,5.9,Costaria costata,142,5
26,CMA,2,5.9,Costaria costata,160,0
26,CMA,2,5.9,Costaria costata,95,5
26,CMA,2,5.9,Costaria costata,173,10
26,CMA,2,5.9,Costaria costata,74,10
26,CMA,2,5.9,Cymathere triplicata,64,15
26,CMA,2,5.9,Cymathere triplicata,133,30
26,CMA,2,5.9,Cymathere triplicata,135,30
26,CMA,2,5.9,Cymathere triplicata,65,40
26,CMA,3,6,Costaria costata,106,0
26,CMA,3,6,Costaria costata,60,10
26,CMA,3,6,Costaria costata,110,5
26,CMA,3,6,Cymathere triplicata,43,5
26,CMA,3,6,Cymathere triplicata,111,20
26,CMA,3,6,Alaria marginata,180,5
26,CMA,4,6.3,Costaria costata,178,5
26,CMA,4,6.3,Cymathere triplicata,181,30
26,CMA,4,6.3,Cymathere triplicata,235,50
26,CMA,4,6.3,Cymathere triplicata,152,30
26,CMA,4,6.3,Cymathere triplicata,58,10
26,CMA,4,6.3,Cymathere triplicata,117,20
26,CMA,4,6.3,Cymathere triplicata,269,30
26,CMA,4,6.3,Cymathere triplicata,276,40
26,CMA,4,6.3,Hedophyllum nigripes,100,35
26,CMA,4,6.3,Hedophyllum nigripes,221,50
26,CMA,4,6.3,Hedophyllum nigripes,117,30
26,CMA,4,6.3,Hedophyllum nigripes,178,40
26,CMA,4,6.3,Hedophyllum nigripes,37,0
26,CMA,4,6.3,Hedophyllum nigripes,299,70
26,CMA,4,6.3,Hedophyllum nigripes,102,10
26,CMA,5,5.8,Costaria costata,133,10
26,CMA,5,5.8,Costaria costata,43,0
26,CMA,5,5.8,Costaria costata,117,10
26,AEA,1,6.3,Cymathere triplicata,112,40
26,AEA,1,6.3,Costaria costata,48,0
26,AEA,1,6.3,Costaria costata,142,10
26,AEA,1,6.3,Costaria costata,80,20
26,AEA,1,6.3,Costaria costata,53,10
26,AEA,1,6.3,Costaria costata,84,10
26,AEA,1,6.3,Costaria costata,54,0
26,AEA,2,6.4,Cymathere triplicata,55,20
26,AEA,2,6.4,Cymathere triplicata,47,10
26,AEA,2,6.4,Cymathere triplicata,116,50
26,AEA,2,6.4,Cymathere triplicata,145,60
26,AEA,2,6.4,Cymathere triplicata,120,40
26,AEA,2,6.4,Alaria marginata,47,0
26,AEA,3,6.5,Cymathere triplicata,91,10
26,AEA,3,6.5,Cymathere triplicata,79,70
26,AEA,3,6.5,Costaria costata,87,10
26,AEA,3,6.5,Costaria costata,101,10
26,AEA,3,6.5,Costaria costata,162,10
26,AEA,3,6.5,Costaria costata,55,0
26,AEA,3,6.5,Costaria costata,21,5
26,AEA,3,6.5,Alaria marginata,101,5
26,AEA,3,6.5,Saccharina latissima,27,10
26,AEA,3,6.5,Saccharina latissima,24,5
26,AEA,3,6.5,Saccharina latissima,16,10
26,AEA,4,6.6,Cymathere triplicata,204,80
26,AEA,4,6.6,Cymathere triplicata,150,60
26,AEA,4,6.6,Cymathere triplicata,32,10
26,AEA,4,6.6,Cymathere triplicata,18,0
26,AEA,4,6.6,Cymathere triplicata,204,70
26,AEA,4,6.6,Cymathere triplicata,129,30
26,AEA,4,6.6,Cymathere triplicata,120,30
26,AEA,4,6.6,Alaria marginata,124,0
26,AEA,5,6.9,Cymathere triplicata,168,30
26,AEA,5,6.9,Cymathere triplicata,132,20
26,AEA,5,6.9,Cymathere triplicata,120,20
26,AEA,5,6.9,Costaria costata,136,20
26,AEA,5,6.9,Costaria costata,167,10
26,AEA,5,6.9,Alaria marginata,24,0
27,AEA,1,7.8,Pterygophora californicum,47,0
27,AEA,1,7.8,Pterygophora californicum,32,0
27,AEA,1,7.8,Pterygophora californicum,116,0
27,AEA,1,7.8,Pterygophora californicum,68,0
27,AEA,1,7.8,Pterygophora californicum,77,0
27,AEA,1,7.8,Pterygophora californicum,133,0
27,AEA,1,7.8,Pterygophora californicum,48,0
27,AEA,1,7.8,Pterygophora californicum,67,0
27,AEA,1,7.8,Hedophyllum nigripes,33,10
27,AEA,1,7.8,Hedophyllum nigripes,37,0
27,AEA,1,7.8,Costaria costata,47,0
27,AEA,2,7.6,Pterygophora californicum,75,0
27,AEA,2,7.6,Pterygophora californicum,32,0
27,AEA,2,7.6,Pterygophora californicum,114,0
27,AEA,2,7.6,Pterygophora californicum,120,0
27,AEA,2,7.6,Pterygophora californicum,102,0
27,AEA,2,7.6,Pterygophora californicum,106,0
27,AEA,2,7.6,Hedophyllum nigripes,6,0
27,AEA,2,7.6,Hedophyllum nigripes,5,0
27,AEA,2,7.6,Hedophyllum nigripes,5,0
27,AEA,2,7.6,Hedophyllum nigripes,2,0
27,AEA,2,7.6,Hedophyllum nigripes,34,0
27,AEA,2,7.6,Hedophyllum nigripes,42,0
27,AEA,2,7.6,Hedophyllum nigripes,44,0
27,AEA,2,7.6,Hedophyllum nigripes,36,0
27,AEA,2,7.6,Hedophyllum nigripes,23,0
27,AEA,2,7.6,Costaria costata,36,0
27,AEA,2,7.6,Costaria costata,45,0
27,AEA,2,7.6,Costaria costata,74,0
27,AEA,2,7.6,Costaria costata,17,0
27,AEA,2,7.6,Stipe,42,0
27,AEA,3,7.7,Pterygophora californicum,86,0
27,AEA,3,7.7,Pterygophora californicum,85,0
27,AEA,3,7.7,Pterygophora californicum,67,0
27,AEA,3,7.7,Hedophyllum nigripes,43,0
27,AEA,3,7.7,Hedophyllum nigripes,14,0
27,AEA,3,7.7,Hedophyllum nigripes,15,0
27,AEA,3,7.7,Hedophyllum nigripes,13,0
27,AEA,3,7.7,Hedophyllum nigripes,14,0
27,AEA,3,7.7,Hedophyllum nigripes,16,0
27,AEA,3,7.7,Hedophyllum nigripes,12,0
27,AEA,3,7.7,Hedophyllum nigripes,12,0
27,AEA,3,7.7,Stipe,49,0
27,AEA,3,7.7,Stipe,47,0
27,AEA,3,7.7,Neoagarum fimbriatum,64,0
27,AEA,4,8.1,Pterygophora californicum,62,0
27,AEA,4,8.1,Pterygophora californicum,46,0
27,AEA,4,8.1,Pterygophora californicum,44,0
27,AEA,4,8.1,Pterygophora californicum,45,0
27,AEA,4,8.1,Pterygophora californicum,30,0
27,AEA,4,8.1,Pterygophora californicum,75,5
27,AEA,4,8.1,Pterygophora californicum,51,5
27,AEA,4,8.1,Hedophyllum nigripes,37,0
27,AEA,4,8.1,Hedophyllum nigripes,29,0
27,AEA,4,8.1,Hedophyllum nigripes,31,0
27,AEA,4,8.1,Stipe,52,10
27,AEA,4,8.1,Cymathere triplicata,135,0
27,AEA,4,8.1,Cymathere triplicata,96,0
27,AEA,4,8.1,Cymathere triplicata,44,0
27,AEA,4,8.1,Laminaria setchellii,54,0
27,AEA,4,8.1,Laminaria setchellii,6,0
27,CMA,1,7.8,Pleurophycus gardneri,85,0
27,CMA,1,7.8,Pterygophora californicum,102,0
27,CMA,1,7.8,Pterygophora californicum,106,0
27,CMA,1,7.8,Pterygophora californicum,75,0
27,CMA,1,7.8,Pterygophora californicum,48,0
27,CMA,1,7.8,Pterygophora californicum,42,0
27,CMA,1,7.8,Pterygophora californicum,136,0
27,CMA,1,7.8,Pterygophora californicum,107,0
27,CMA,1,7.8,Pterygophora californicum,190,0
27,CMA,1,7.8,Pterygophora californicum,114,0
27,CMA,1,7.8,Hedophyllum nigripes,38,0
27,CMA,1,7.8,Hedophyllum nigripes,104,10
27,CMA,1,7.8,Hedophyllum nigripes,201,0
27,CMA,1,7.8,Cymathere triplicata,84,0
27,CMA,1,7.8,Laminaria setchellii,37,0
27,CMA,1,7.8,Laminaria setchellii,44,0
27,CMA,1,7.8,Laminaria setchellii,32,0
27,CMA,1,7.8,Laminaria setchellii,39,0
27,CMA,1,7.8,Costaria costata,102,0
27,CMA,2,7.6,Pterygophora californicum,126,0
27,CMA,2,7.6,Pterygophora californicum,113,0
27,CMA,2,7.6,Hedophyllum nigripes,34,0
27,CMA,2,7.6,Hedophyllum nigripes,7,0
27,CMA,2,7.6,Hedophyllum nigripes,9,0
27,CMA,2,7.6,Hedophyllum nigripes,15,0
27,CMA,2,7.6,Hedophyllum nigripes,22,0
27,CMA,2,7.6,Hedophyllum nigripes,28,0
27,CMA,2,7.6,Hedophyllum nigripes,31,0
27,CMA,2,7.6,Hedophyllum nigripes,25,0
27,CMA,2,7.6,Hedophyllum nigripes,29,0
27,CMA,2,7.6,Hedophyllum nigripes,55,0
27,CMA,2,7.6,Laminaria setchellii,28,0
27,CMA,2,7.6,Laminaria setchellii,34,0
27,CMA,2,7.6,Costaria costata,67,0
27,CMA,2,7.6,Costaria costata,33,0
27,CMA,2,7.6,Costaria costata,36,0
27,CMA,2,7.6,Hedophyllum nigripes,61,0
27,CMA,2,7.6,Hedophyllum nigripes,28,0
27,CMA,2,7.6,Stipe,22,0
27,CMA,2,7.6,Stipe,27,0
27,CMA,3,7.5,Pterygophora californicum,71,0
27,CMA,3,7.5,Hedophyllum nigripes,13,0
27,CMA,3,7.5,Stipe,11,0
27,CMA,3,7.5,Stipe,7,0
27,CMA,3,7.5,Stipe,26,0
27,CMA,3,7.5,Stipe,8,0
27,CMA,3,7.5,Stipe,23,0
27,CMA,4,8.1,Pleurophycus gardneri,53,0
27,CMA,4,8.1,Pleurophycus gardneri,74,0
27,CMA,4,8.1,Pleurophycus gardneri,71,0
27,CMA,4,8.1,Pleurophycus gardneri,69,0
27,CMA,4,8.1,Pterygophora californicum,148,0
27,CMA,4,8.1,Pterygophora californicum,132,0
27,CMA,4,8.1,Pterygophora californicum,88,0
27,CMA,4,8.1,Pterygophora californicum,164,0
27,CMA,4,8.1,Pterygophora californicum,133,0
27,CMA,4,8.1,Pterygophora californicum,87,0
27,CMA,4,8.1,Pterygophora californicum,92,0
27,CMA,4,8.1,Hedophyllum nigripes,26,0
27,CMA,4,8.1,Hedophyllum nigripes,17,0
27,CMA,4,8.1,Hedophyllum nigripes,23,0
27,CMA,4,8.1,Hedophyllum nigripes,12,0
27,CMA,4,8.1,Hedophyllum nigripes,36,0
27,CMA,4,8.1,Cymathere triplicata,51,0
27,CMA,4,8.1,Costaria costata,42,0
27,CMA,4,8.1,Neoagarum fimbriatum,71,0
27,CMA,4,8.1,Stipe,30,0
27,CMA,5,7.8,Pleurophycus gardneri,52,0
27,CMA,5,7.8,Pterygophora californicum,180,0
27,CMA,5,7.8,Pterygophora californicum,226,0
27,CMA,5,7.8,Pterygophora californicum,185,0
27,CMA,5,7.8,Pterygophora californicum,191,0
27,CMA,5,7.8,Pterygophora californicum,51,0
27,CMA,5,7.8,Pterygophora californicum,56,0
27,CMA,5,7.8,Hedophyllum nigripes,6,0
27,CMA,5,7.8,Cymathere triplicata,45,0
27,CMA,5,7.8,Cymathere triplicata,16,0
27,CMA,5,7.8,Laminaria setchellii,10,0
27,CMA,5,7.8,Laminaria setchellii,25,0
27,CMA,5,7.8,Laminaria setchellii,32,0
27,CMA,5,7.8,Costaria costata,69,0
28,AEA,1,5.5,Pterygophora californicum,67,30
28,AEA,1,5.5,Pterygophora californicum,91,40
28,AEA,1,5.5,Pterygophora californicum,61,40
28,AEA,1,5.5,Pterygophora californicum,256,30
28,AEA,1,5.5,Pterygophora californicum,157,30
28,AEA,1,5.5,Pterygophora californicum,55,50
28,AEA,2,5.7,Pterygophora californicum,47,20
28,AEA,2,5.7,Pterygophora californicum,55,20
28,AEA,2,5.7,Pterygophora californicum,41,30
28,AEA,2,5.7,Pterygophora californicum,50,20
28,AEA,2,5.7,Pterygophora californicum,64,10
28,AEA,2,5.7,Pterygophora californicum,50,20
28,AEA,2,5.7,Pterygophora californicum,52,20
28,AEA,2,5.7,Pterygophora californicum,64,20
28,AEA,2,5.7,Pterygophora californicum,108,20
28,AEA,2,5.7,Pterygophora californicum,55,30
28,AEA,2,5.7,Pterygophora californicum,147,30
28,AEA,2,5.7,Pterygophora californicum,122,30
28,AEA,3,5.6,Pterygophora californicum,81,10
28,AEA,3,5.6,Pterygophora californicum,202,20
28,AEA,3,5.6,Pterygophora californicum,86,10
28,AEA,3,5.6,Pterygophora californicum,114,10
28,AEA,3,5.6,Pterygophora californicum,91,10
28,AEA,3,5.6,Pterygophora californicum,181,10
28,AEA,3,5.6,Pterygophora californicum,50,10
28,AEA,3,5.6,Pterygophora californicum,42,10
28,AEA,3,5.6,Pterygophora californicum,66,0
28,AEA,3,5.6,Cymathere triplicata,154,0
28,AEA,3,5.6,Cymathere triplicata,71,0
28,AEA,3,5.6,Cymathere triplicata,102,0
28,AEA,3,5.6,Cymathere triplicata,38,0
28,AEA,3,5.6,Cymathere triplicata,64,0
28,AEA,3,5.6,Saccharina latissima,170,0
28,AEA,3,5.6,Saccharina latissima,16,40
28,AEA,3,5.6,Saccharina latissima,10,20
28,AEA,3,5.6,Saccharina latissima,22,20
28,AEA,4,5.8,Pterygophora californicum,65,10
28,AEA,4,5.8,Pterygophora californicum,92,10
28,AEA,4,5.8,Pterygophora californicum,43,0
28,AEA,4,5.8,Pterygophora californicum,44,0
28,AEA,4,5.8,Pterygophora californicum,24,0
28,AEA,4,5.8,Pterygophora californicum,258,10
28,AEA,4,5.8,Pterygophora californicum,126,10
28,AEA,4,5.8,Pterygophora californicum,50,10
28,AEA,4,5.8,Pterygophora californicum,71,0
28,AEA,4,5.8,Pterygophora californicum,17,5
28,AEA,4,5.8,Pterygophora californicum,69,5
28,AEA,4,5.8,Pterygophora californicum,101,5
28,AEA,4,5.8,Pterygophora californicum,58,0
28,AEA,4,5.8,Hedophyllum nigripes,54,0
28,AEA,4,5.8,Hedophyllum nigripes,64,0
28,AEA,4,5.8,Hedophyllum nigripes,41,0
28,AEA,4,5.8,Hedophyllum nigripes,38,0
28,AEA,4,5.8,Hedophyllum nigripes,22,0
28,AEA,4,5.8,Hedophyllum nigripes,48,0
28,AEA,4,5.8,Stipe,66,0
28,AEA,4,5.8,Stipe,65,0
28,AEA,5,6,Pterygophora californicum,102,0
28,AEA,5,6,Pterygophora californicum,72,0
28,AEA,5,6,Pterygophora californicum,49,0
28,AEA,5,6,Pterygophora californicum,50,0
28,AEA,5,6,Pterygophora californicum,64,0
28,AEA,5,6,Hedophyllum nigripes,182,0
28,AEA,5,6,Alaria marginata,158,0
28,CMA,1,5.5,Cymathere triplicata,134,5
28,CMA,1,5.5,Hedophyllum nigripes,23,0
28,CMA,1,5.5,Saccharina latissima,310,5
28,CMA,2,5.6,Saccharina latissima,92,5
28,CMA,2,5.6,Saccharina latissima,104,5
28,CMA,2,5.6,Laminaria setchellii,30,50
28,CMA,2,5.6,Laminaria setchellii,37,40
28,CMA,2,5.6,Laminaria setchellii,41,30
28,CMA,2,5.6,Laminaria setchellii,67,60
28,CMA,2,5.6,Laminaria setchellii,69,40
28,CMA,2,5.6,Laminaria setchellii,80,50
28,CMA,2,5.6,Laminaria setchellii,9,50
28,CMA,2,5.6,Laminaria setchellii,13,40
28,CMA,2,5.6,Pterygophora californicum,144,10
28,CMA,2,5.6,Pterygophora californicum,256,15
28,CMA,2,5.6,Pterygophora californicum,78,30
28,CMA,2,5.6,Pterygophora californicum,199,30
28,CMA,2,5.6,Pterygophora californicum,221,30
28,CMA,3,5.8,Pterygophora californicum,186,20
28,CMA,3,5.8,Pterygophora californicum,203,20
28,CMA,3,5.8,Pterygophora californicum,172,15
28,CMA,3,5.8,Pterygophora californicum,70,40
28,CMA,3,5.8,Pterygophora californicum,63,40
28,CMA,3,5.8,Pterygophora californicum,136,20
28,CMA,3,5.8,Pterygophora californicum,80,20
28,CMA,3,5.8,Pterygophora californicum,144,15
28,CMA,4,5.8,Cymathere triplicata,102,10
28,CMA,4,5.8,Cymathere triplicata,115,5
28,CMA,4,5.8,Cymathere triplicata,110,10
28,CMA,4,5.8,Cymathere triplicata,157,5
28,CMA,4,5.8,Cymathere triplicata,130,5
28,CMA,4,5.8,Cymathere triplicata,125,5
28,CMA,4,5.8,Cymathere triplicata,187,5
28,CMA,4,5.8,Cymathere triplicata,111,0
28,CMA,4,5.8,Hedophyllum nigripes,45,0
28,CMA,4,5.8,Hedophyllum nigripes,98,0
28,CMA,4,5.8,Hedophyllum nigripes,83,0
28,CMA,4,5.8,Hedophyllum nigripes,92,0
28,CMA,4,5.8,Hedophyllum nigripes,61,0
28,CMA,4,5.8,Hedophyllum nigripes,71,0
28,CMA,4,5.8,Saccharina latissima,296,0
28,CMA,4,5.8,Laminaria setchellii,73,5
28,CMA,4,5.8,Pterygophora californicum,178,15
28,CMA,4,5.8,Pterygophora californicum,143,10
28,CMA,4,5.8,Pterygophora californicum,224,10
28,CMA,4,5.8,Pterygophora californicum,188,5
28,CMA,4,5.8,Pterygophora californicum,140,15
28,CMA,5,5.7,Cymathere triplicata,138,5
28,CMA,5,5.7,Saccharina latissima,108,0
28,CMA,5,5.7,Saccharina latissima,170,0
28,CMA,5,5.7,Laminaria setchellii,28,0
28,CMA,5,5.7,Laminaria setchellii,19,0
28,CMA,5,5.7,Laminaria setchellii,22,30
28,CMA,5,5.7,Laminaria setchellii,25,50
28,CMA,5,5.7,Pterygophora californicum,137,20
28,CMA,5,5.7,Pterygophora californicum,151,30
28,CMA,5,5.7,Pterygophora californicum,261,20
28,CMA,5,5.7,Pterygophora californicum,254,15
28,CMA,5,5.7,Pterygophora californicum,208,15
29,AEA,1,3,Laminaria setchellii,47,0
29,AEA,1,3,Laminaria setchellii,21,0
29,AEA,1,3,Pterygophora californicum,55,10
29,AEA,1,3,Pterygophora californicum,61,5
29,AEA,1,3,Pterygophora californicum,57,5
29,AEA,1,3,Pterygophora californicum,45,5
29,AEA,1,3,Pterygophora californicum,78,5
29,AEA,1,3,Pterygophora californicum,82,0
29,AEA,1,3,Pterygophora californicum,143,5
29,AEA,1,3,Pterygophora californicum,117,0
29,AEA,1,3,Pterygophora californicum,152,0
29,AEA,1,3,Pterygophora californicum,122,5
29,AEA,1,3,Pterygophora californicum,172,10
29,AEA,2,3.2,Laminaria setchellii,42,0
29,AEA,2,3.2,Laminaria setchellii,24,0
29,AEA,2,3.2,Laminaria setchellii,62,0
29,AEA,2,3.2,Laminaria setchellii,14,0
29,AEA,2,3.2,Pterygophora californicum,65,5
29,AEA,2,3.2,Pterygophora californicum,82,5
29,AEA,2,3.2,Pterygophora californicum,28,5
29,AEA,2,3.2,Pterygophora californicum,15,10
29,AEA,2,3.2,Pterygophora californicum,32,5
29,AEA,2,3.2,Pterygophora californicum,40,10
29,AEA,2,3.2,Pterygophora californicum,104,5
29,AEA,2,3.2,Pterygophora californicum,79,5
29,AEA,2,3.2,Pterygophora californicum,145,5
29,AEA,2,3.2,Pterygophora californicum,109,5
29,AEA,2,3.2,Pterygophora californicum,192,10
29,AEA,2,3.2,Costaria costata,87,0
29,AEA,2,3.2,Stipe,61,5
29,AEA,2,3.2,Hedophyllum nigripes,42,0
29,AEA,3,3.2,Pterygophora californicum,94,5
29,AEA,3,3.2,Pterygophora californicum,90,5
29,AEA,3,3.2,Pterygophora californicum,135,5
29,AEA,3,3.2,Pterygophora californicum,51,5
29,AEA,3,3.2,Pterygophora californicum,40,5
29,AEA,3,3.2,Pterygophora californicum,157,5
29,AEA,3,3.2,Pterygophora californicum,150,5
29,AEA,3,3.2,Pterygophora californicum,201,5
29,AEA,3,3.2,Pterygophora californicum,232,5
29,AEA,3,3.2,Pterygophora californicum,107,5
29,AEA,3,3.2,Pterygophora californicum,122,5
29,AEA,4,3.3,Pterygophora californicum,44,5
29,AEA,4,3.3,Pterygophora californicum,43,5
29,AEA,4,3.3,Pterygophora californicum,86,5
29,AEA,4,3.3,Pterygophora californicum,150,5
29,AEA,4,3.3,Pterygophora californicum,128,5
29,AEA,4,3.3,Pterygophora californicum,132,5
29,AEA,4,3.3,Pterygophora californicum,162,5
29,AEA,4,3.3,Pterygophora californicum,10,10
29,AEA,4,3.3,Pterygophora californicum,15,5
29,AEA,4,3.3,Pterygophora californicum,21,0
29,AEA,4,3.3,Pterygophora californicum,40,0
29,AEA,4,3.3,Pterygophora californicum,205,5
29,AEA,5,3.4,Laminaria setchellii,49,0
29,AEA,5,3.4,Laminaria setchellii,38,0
29,AEA,5,3.4,Pterygophora californicum,56,0
29,AEA,5,3.4,Pterygophora californicum,79,0
29,AEA,5,3.4,Pterygophora californicum,86,0
29,AEA,5,3.4,Pterygophora californicum,80,0
29,AEA,5,3.4,Pterygophora californicum,47,0
29,AEA,5,3.4,Pterygophora californicum,42,0
29,AEA,5,3.4,Hedophyllum nigripes,103,0
29,AEA,5,3.4,Alaria marginata,139,0
29,AEA,5,3.4,Alaria marginata,170,0
29,CMA,1,2.8,Laminaria setchellii,28,0
29,CMA,1,2.8,Laminaria setchellii,11,0
29,CMA,1,2.8,Laminaria setchellii,31,0
29,CMA,1,2.8,Laminaria setchellii,37,0
29,CMA,1,2.8,Laminaria setchellii,27,0
29,CMA,1,2.8,Laminaria setchellii,17,0
29,CMA,1,2.8,Laminaria setchellii,49,0
29,CMA,1,2.8,Pterygophora californicum,79,0
29,CMA,1,2.8,Pterygophora californicum,85,5
29,CMA,1,2.8,Pterygophora californicum,86,0
29,CMA,1,2.8,Pterygophora californicum,99,0
29,CMA,1,2.8,Hedophyllum nigripes,115,0
29,CMA,2,2.5,Laminaria setchellii,25,0
29,CMA,2,2.5,Laminaria setchellii,51,0
29,CMA,2,2.5,Pterygophora californicum,70,0
29,CMA,2,2.5,Pterygophora californicum,98,0
29,CMA,2,2.5,Pterygophora californicum,43,0
29,CMA,2,2.5,Pterygophora californicum,67,0
29,CMA,2,2.5,Pterygophora californicum,36,0
29,CMA,2,2.5,Hedophyllum nigripes,16,0
29,CMA,2,2.5,Costaria costata,42,0
29,CMA,2,2.5,Costaria costata,52,0
29,CMA,2,2.5,Costaria costata,27,0
29,CMA,2,2.5,Cymathere triplicata,113,0
29,CMA,3,2.5,Laminaria setchellii,25,0
29,CMA,3,2.5,Laminaria setchellii,28,0
29,CMA,3,2.5,Laminaria setchellii,27,0
29,CMA,3,2.5,Laminaria setchellii,20,0
29,CMA,3,2.5,Laminaria setchellii,16,0
29,CMA,3,2.5,Laminaria setchellii,26,0
29,CMA,3,2.5,Laminaria setchellii,34,0
29,CMA,3,2.5,Pterygophora californicum,79,0
29,CMA,3,2.5,Pterygophora californicum,50,0
29,CMA,3,2.5,Pterygophora californicum,132,5
29,CMA,3,2.5,Hedophyllum nigripes,7,0
29,CMA,3,2.5,Hedophyllum nigripes,8,0
29,CMA,3,2.5,Hedophyllum nigripes,21,0
29,CMA,3,2.5,Hedophyllum nigripes,44,0
29,CMA,3,2.5,Hedophyllum nigripes,7,0
29,CMA,3,2.5,Costaria costata,51,0
29,CMA,3,2.5,Costaria costata,89,0
29,CMA,3,2.5,Costaria costata,26,0
29,CMA,4,2.5,Laminaria setchellii,30,0
29,CMA,4,2.5,Laminaria setchellii,28,0
29,CMA,4,2.5,Laminaria setchellii,14,0
29,CMA,4,2.5,Laminaria setchellii,29,0
29,CMA,4,2.5,Laminaria setchellii,18,0
29,CMA,4,2.5,Laminaria setchellii,21,0
29,CMA,4,2.5,Laminaria setchellii,42,0
29,CMA,4,2.5,Laminaria setchellii,47,0
29,CMA,4,2.5,Laminaria setchellii,18,0
29,CMA,4,2.5,Pterygophora californicum,55,0
29,CMA,4,2.5,Pterygophora californicum,64,0
29,CMA,4,2.5,Pterygophora californicum,147,0
29,CMA,4,2.5,Pterygophora californicum,152,0
29,CMA,4,2.5,Hedophyllum nigripes,13,0
29,CMA,4,2.5,Costaria costata,77,0
29,CMA,4,2.5,Costaria costata,79,0
29,CMA,4,2.5,Alaria marginata,110,0
29,CMA,4,2.5,Alaria marginata,103,0
29,CMA,5,2.9,Laminaria setchellii,34,0
29,CMA,5,2.9,Laminaria setchellii,28,0
29,CMA,5,2.9,Pterygophora californicum,75,0
29,CMA,5,2.9,Pterygophora californicum,68,0
29,CMA,5,2.9,Pterygophora californicum,90,0
29,CMA,5,2.9,Pterygophora californicum,81,0
29,CMA,5,2.9,Pterygophora californicum,68,0
29,CMA,5,2.9,Hedophyllum nigripes,56,0
29,CMA,5,2.9,Hedophyllum nigripes,27,0
29,CMA,5,2.9,Hedophyllum nigripes,6,0
29,CMA,5,2.9,Hedophyllum nigripes,8,0
29,CMA,5,2.9,Costaria costata,80,0
29,CMA,5,2.9,Costaria costata,17,0
29,CMA,5,2.9,Cymathere triplicata,128,0
30,CMA,1,2.7,Costaria costata,51,0
30,CMA,1,2.7,Hedophyllum nigripes,112,0
30,CMA,1,2.7,Hedophyllum nigripes,37,0
30,CMA,1,2.7,Hedophyllum nigripes,70,0
30,CMA,1,2.7,Hedophyllum nigripes,119,0
30,CMA,1,2.7,Hedophyllum nigripes,80,0
30,CMA,1,2.7,Hedophyllum nigripes,72,0
30,CMA,1,2.7,Hedophyllum nigripes,122,0
30,CMA,1,2.7,Hedophyllum nigripes,29,0
30,CMA,1,2.7,Hedophyllum nigripes,28,0
30,CMA,1,2.7,Pterygophora californicum,56,0
30,CMA,1,2.7,Pterygophora californicum,79,0
30,CMA,1,2.7,Pterygophora californicum,85,0
30,CMA,1,2.7,Pterygophora californicum,60,0
30,CMA,1,2.7,Pterygophora californicum,90,0
30,CMA,1,2.7,Hedophyllum nigripes,17,0
30,CMA,1,2.7,Hedophyllum nigripes,21,0
30,CMA,1,2.7,Hedophyllum nigripes,95,0
30,CMA,1,2.7,Hedophyllum nigripes,85,0
30,CMA,1,2.7,Hedophyllum nigripes,10,0
30,CMA,1,2.7,Hedophyllum nigripes,10,0
30,CMA,1,2.7,Hedophyllum nigripes,123,0
30,CMA,1,2.7,Hedophyllum nigripes,50,0
30,CMA,1,2.7,Hedophyllum nigripes,98,0
30,CMA,1,2.7,Hedophyllum nigripes,10,0
30,CMA,1,2.7,Stipe,32,0
30,CMA,1,2.7,Laminaria setchellii,62,0
30,CMA,3,2.8,Pterygophora californicum,180,0
30,CMA,3,2.8,Pterygophora californicum,204,0
30,CMA,3,2.8,Pterygophora californicum,198,0
30,CMA,3,2.8,Pterygophora californicum,63,0
30,CMA,3,2.8,Hedophyllum nigripes,98,0
30,CMA,3,2.8,Hedophyllum nigripes,112,0
30,CMA,3,2.8,Hedophyllum nigripes,89,0
30,CMA,3,2.8,Hedophyllum nigripes,9,0
30,CMA,3,2.8,Hedophyllum nigripes,13,0
30,CMA,3,2.8,Hedophyllum nigripes,111,0
30,CMA,3,2.8,Laminaria setchellii,53,0
30,CMA,3,2.8,Laminaria setchellii,37,0
30,CMA,4,2.6,Costaria costata,60,0
30,CMA,4,2.6,Hedophyllum nigripes,28,0
30,CMA,4,2.6,Hedophyllum nigripes,181,0
30,CMA,4,2.6,Hedophyllum nigripes,176,0
30,CMA,4,2.6,Hedophyllum nigripes,6,0
30,CMA,4,2.6,Hedophyllum nigripes,8,0
30,CMA,4,2.6,Hedophyllum nigripes,9,0
30,CMA,4,2.6,Hedophyllum nigripes,87,0
30,CMA,4,2.6,Hedophyllum nigripes,80,0
30,CMA,4,2.6,Hedophyllum nigripes,105,0
30,CMA,4,2.6,Hedophyllum nigripes,112,0
30,CMA,4,2.6,Hedophyllum nigripes,123,0
30,CMA,4,2.6,Hedophyllum nigripes,90,0
30,CMA,4,2.6,Laminaria setchellii,31,0
30,CMA,4,2.6,Laminaria setchellii,33,0
30,CMA,4,2.6,Laminaria setchellii,27,0
30,CMA,4,2.6,Laminaria setchellii,24,0
30,CMA,4,2.6,Laminaria setchellii,74,0
30,CMA,5,2.8,Hedophyllum nigripes,27,0
30,CMA,5,2.8,Hedophyllum nigripes,120,0
30,CMA,5,2.8,Hedophyllum nigripes,84,0
30,CMA,5,2.8,Pterygophora californicum,91,0
30,CMA,5,2.8,Pterygophora californicum,78,0
30,CMA,5,2.8,Pterygophora californicum,147,0
30,CMA,5,2.8,Pterygophora californicum,100,0
30,CMA,5,2.8,Pterygophora californicum,115,0
30,CMA,5,2.8,Pterygophora californicum,136,0
30,CMA,5,2.8,Stipe,73,0
30,CMA,5,2.8,Stipe,76,0
30,CMA,5,2.8,Laminaria setchellii,26,0
30,CMA,5,2.8,Laminaria setchellii,22,0
30,CMA,1,2.5,Stipe,61,0
30,CMA,1,2.5,Stipe,54,0
30,CMA,1,2.5,Pterygophora californicum,67,0
30,CMA,1,2.5,Pterygophora californicum,45,0
30,CMA,1,2.5,Pterygophora californicum,52,0
30,CMA,1,2.5,Pterygophora californicum,79,0
30,CMA,1,2.5,Pterygophora californicum,46,0
30,CMA,1,2.5,Pterygophora californicum,102,0
30,CMA,1,2.5,Laminaria setchellii,36,0
30,CMA,1,2.5,Laminaria setchellii,33,0
30,CMA,1,2.5,Laminaria setchellii,69,0
30,CMA,1,2.5,Laminaria setchellii,45,0
30,CMA,1,2.5,Hedophyllum nigripes,62,0
30,CMA,1,2.5,Hedophyllum nigripes,104,0
30,CMA,1,2.5,Hedophyllum nigripes,83,0
30,CMA,1,2.5,Hedophyllum nigripes,37,0
30,CMA,1,2.5,Hedophyllum nigripes,12,0
30,CMA,1,2.5,Hedophyllum nigripes,8,0
30,CMA,1,2.5,Hedophyllum nigripes,88,0
30,CMA,2,2.4,Stipe,15,0
30,CMA,2,2.4,Pterygophora californicum,70,0
30,CMA,2,2.4,Pterygophora californicum,77,0
30,CMA,2,2.4,Pterygophora californicum,43,0
30,CMA,2,2.4,Pterygophora californicum,48,0
30,CMA,2,2.4,Pterygophora californicum,114,0
30,CMA,2,2.4,Pterygophora californicum,129,0
30,CMA,2,2.4,Pterygophora californicum,17,0
30,CMA,2,2.4,Pterygophora californicum,57,0
30,CMA,2,2.4,Laminaria setchellii,60,0
30,CMA,2,2.4,Laminaria setchellii,78,0
30,CMA,2,2.4,Laminaria setchellii,75,0
30,CMA,2,2.4,Laminaria setchellii,109,0
30,CMA,2,2.4,Pterygophora californicum,37,5
30,CMA,2,2.4,Pterygophora californicum,22,0
30,CMA,2,2.4,Pterygophora californicum,20,0
30,CMA,2,2.4,Pterygophora californicum,115,0
30,CMA,2,2.4,Pterygophora californicum,17,0
30,CMA,2,2.4,Pterygophora californicum,77,0
30,CMA,2,2.4,Pterygophora californicum,131,0
30,CMA,2,2.4,Pterygophora californicum,77,0
30,CMA,2,2.4,Pterygophora californicum,10,0
30,CMA,2,2.4,Costaria costata,111,0
30,CMA,3,2.4,Stipe,24,0
30,CMA,3,2.4,Stipe,24,0
30,CMA,3,2.4,Stipe,22,0
30,CMA,3,2.4,Stipe,30,0
30,CMA,3,2.4,Pterygophora californicum,60,0
30,CMA,3,2.4,Pterygophora californicum,128,0
30,CMA,3,2.4,Pterygophora californicum,79,0
30,CMA,3,2.4,Pterygophora californicum,48,0
30,CMA,3,2.4,Pterygophora californicum,51,0
30,CMA,3,2.4,Pterygophora californicum,66,0
30,CMA,3,2.4,Pterygophora californicum,58,0
30,CMA,3,2.4,Pterygophora californicum,70,0
30,CMA,3,2.4,Pterygophora californicum,102,0
30,CMA,3,2.4,Laminaria setchellii,39,0
30,CMA,3,2.4,Laminaria setchellii,40,0
30,CMA,3,2.4,Laminaria setchellii,27,0
30,CMA,3,2.4,Laminaria setchellii,110,0
30,CMA,3,2.4,Laminaria setchellii,54,0
30,CMA,3,2.4,Laminaria setchellii,38,0
30,CMA,3,2.4,Hedophyllum nigripes,94,0
30,CMA,3,2.4,Hedophyllum nigripes,79,0
30,CMA,3,2.4,Hedophyllum nigripes,104,0
30,CMA,3,2.4,Hedophyllum nigripes,25,0
30,CMA,3,2.4,Hedophyllum nigripes,20,0
30,CMA,3,2.4,Pterygophora californicum,102,0
30,CMA,3,2.4,Costaria costata,102,0
30,CMA,3,2.4,Costaria costata,42,0
30,CMA,3,2.4,Costaria costata,39,0
30,CMA,3,2.4,Alaria marginata,179,0
30,CMA,4,2.4,Stipe,30,0
30,CMA,4,2.4,Stipe,28,0
30,CMA,4,2.4,Stipe,25,0
30,CMA,4,2.4,Stipe,13,0
30,CMA,4,2.4,Pterygophora californicum,54,0
30,CMA,4,2.4,Pterygophora californicum,69,0
30,CMA,4,2.4,Pterygophora californicum,77,0
30,CMA,4,2.4,Laminaria setchellii,78,0
30,CMA,4,2.4,Laminaria setchellii,27,0
30,CMA,4,2.4,Laminaria setchellii,21,0
30,CMA,4,2.4,Laminaria setchellii,81,0
30,CMA,4,2.4,Laminaria setchellii,63,0
30,CMA,4,2.4,Hedophyllum nigripes,57,0
30,CMA,4,2.4,Hedophyllum nigripes,40,0
30,CMA,4,2.4,Hedophyllum nigripes,12,0
30,CMA,4,2.4,Hedophyllum nigripes,6,0
30,CMA,4,2.4,Hedophyllum nigripes,61,0
30,CMA,4,2.4,Hedophyllum nigripes,4,0
30,CMA,4,2.4,Hedophyllum nigripes,72,0
30,CMA,4,2.4,Hedophyllum nigripes,70,0
30,CMA,4,2.4,Hedophyllum nigripes,42,0
30,CMA,4,2.4,Hedophyllum nigripes,127,0
30,CMA,4,2.4,Cymathere triplicata,80,0
